data_ref,ranking_venda,codigo,categoria,produto,quantidade,valor_unitario,subtotal,participacao,MTC
2025-01-01,1,1116,econômico,Filé De Tilápia - Econômico,153.0,42.0,6426.0,6.46,75.41
2025-01-01,2,1116,econômico,Filé De Tilápia - Econômico,134.0,46.0,6164.0,6.2,66.04
2025-01-01,3,1122,econômico,Parmegiana De Carne - Econômico,120.0,42.0,5040.0,5.07,59.14
2025-01-01,4,1111,econômico,Feijoada - Econômico,97.0,42.0,4074.0,4.09,47.81
2025-01-01,5,1123,econômico,Parmegiana De Filé Mignon - Econômico,80.0,45.0,3600.0,3.62,39.43
2025-01-01,6,1111,econômico,Feijoada - Econômico,64.0,45.0,2880.0,2.89,31.54
2025-01-01,7,301,cafés,Café Espresso,371.0,7.5,2782.5,2.8,182.85
2025-01-01,8,1125,econômico,Picadinho - Econômico,64.0,38.0,2432.0,2.44,31.54
2025-01-01,9,1125,econômico,Picadinho - Econômico,49.0,42.0,2058.0,2.07,24.15
2025-01-01,10,1124,econômico,Parmegiana De Frango - Econômico,56.0,36.0,2016.0,2.03,27.6
2025-01-01,11,1124,econômico,Parmegiana De Frango - Econômico,48.0,40.0,1920.0,1.93,23.66
2025-01-01,12,203,bebidas,Refrigerante,272.0,7.0,1904.0,1.91,134.06
2025-01-01,13,1102,econômico,Bife Acebolado - Econômico,52.0,36.0,1872.0,1.88,25.63
2025-01-01,14,1122,econômico,Parmegiana De Carne - Econômico,48.0,38.0,1824.0,1.83,23.66
2025-01-01,15,1011,principal,Feijoada,36.0,48.0,1728.0,1.74,17.74
2025-01-01,16,1016,principal,Filé De Tilápia,31.0,48.0,1488.0,1.5,15.28
2025-01-01,17,1102,econômico,Bife Acebolado - Econômico,35.0,42.0,1470.0,1.48,17.25
2025-01-01,18,203,bebidas,Refrigerante,222.0,6.5,1443.0,1.45,109.41
2025-01-01,19,1022,principal,Parmegiana De Carne,30.0,48.0,1440.0,1.45,14.79
2025-01-01,20,1023,principal,Parmegiana De Filé Mignon,26.0,50.0,1300.0,1.31,12.81
2025-01-01,20,1016,principal,Filé De Tilápia,25.0,52.0,1300.0,1.31,12.32
2025-01-01,22,201,bebidas,Água Com Gás,235.0,5.5,1292.5,1.3,115.82
2025-01-01,23,1114,econômico,Frango Grelhado - Econômico,32.0,38.0,1216.0,1.22,15.77
2025-01-01,23,2010,econômico,Strogonoff de Carne Economico,32.0,38.0,1216.0,1.22,15.77
2025-01-01,25,2010,econômico,Strogonoff de Carne Economico,28.0,42.0,1176.0,1.18,13.8
2025-01-01,26,1114,econômico,Frango Grelhado - Econômico,33.0,34.0,1122.0,1.13,16.26
2025-01-01,27,401,doces,Brigadeiro,202.0,5.5,1111.0,1.12,99.56
2025-01-01,28,1113,econômico,Frango Sobrecoxa - Econômico,29.0,38.0,1102.0,1.11,14.29
2025-01-01,29,1011,principal,Feijoada,21.0,50.0,1050.0,1.06,10.35
2025-01-01,30,2012,econômico,Strogonoff de Frango Economico,27.0,38.0,1026.0,1.03,13.31
2025-01-01,31,1108,econômico,Carne De Sol - Econômico,22.0,45.0,990.0,1.0,10.84
2025-01-01,32,402,doces,Bombom de Morango,97.0,10.0,970.0,0.97,47.81
2025-01-01,33,1002,principal,Bife Acebolado,20.0,48.0,960.0,0.96,9.86
2025-01-01,34,506,tortas,Torta Alemã Doce de Leite e Paçoca,50.0,18.0,900.0,0.9,24.64
2025-01-01,35,210,bebidas,Suco de Laranja,81.0,10.0,810.0,0.81,39.92
2025-01-01,36,503,tortas,Torta Banoffee,44.0,18.0,792.0,0.8,21.69
2025-01-01,37,1112,econômico,Fígado Acebolado - Econômico,18.0,40.0,720.0,0.72,8.87
2025-01-01,38,1120,econômico,Panqueca - Econômico,19.0,36.0,684.0,0.69,9.36
2025-01-01,39,1113,econômico,Frango Sobrecoxa - Econômico,20.0,34.0,680.0,0.68,9.86
2025-01-01,40,1024,principal,Parmegiana De Frango,15.0,45.0,675.0,0.68,7.39
2025-01-01,41,1002,principal,Bife Acebolado,16.0,42.0,672.0,0.68,7.89
2025-01-01,42,1120,econômico,Panqueca - Econômico,17.0,38.0,646.0,0.65,8.38
2025-01-01,43,1014,principal,Frango Grelhado,16.0,40.0,640.0,0.64,7.89
2025-01-01,45,501,tortas,Torta de Brigadeiro Meio Amargo,33.0,18.0,594.0,0.6,16.26
2025-01-01,46,1024,principal,Parmegiana De Frango,13.0,42.0,546.0,0.55,6.41
2025-01-01,47,1110,econômico,Costela Suína - Econômico,15.0,34.0,510.0,0.51,7.39
2025-01-01,48,211,bebidas,Suco de Limão,50.0,10.0,500.0,0.5,24.64
2025-01-01,49,801,salgados,Empada,60.0,8.0,480.0,0.48,29.57
2025-01-01,50,2018,salgados,Salgados,38.0,12.0,456.0,0.46,18.73
2025-01-01,51,1013,principal,Frango Sobrecoxa,10.0,44.0,440.0,0.44,4.93
2025-01-01,52,1025,principal,Picadinho,9.0,48.0,432.0,0.43,4.44
2025-01-01,53,505,tortas,Torta Alemã Chocolate Meio Amargo,22.0,18.0,396.0,0.4,10.84
2025-01-01,53,1025,principal,Picadinho,9.0,44.0,396.0,0.4,4.44
2025-01-01,53,502,tortas,Torta de Morango,22.0,18.0,396.0,0.4,10.84
2025-01-01,56,510,tortas,Torta Kg,3.25,120.0,390.0,0.39,1.6
2025-01-01,57,1105,econômico,Bife Empanado - Econômico,10.0,38.0,380.0,0.38,4.93
2025-01-01,60,1101,econômico,Almôndega - Econômico,10.0,36.0,360.0,0.36,4.93
2025-01-01,60,1013,principal,Frango Sobrecoxa,9.0,40.0,360.0,0.36,4.44
2025-01-01,62,1,embalagem,Embalagem Marmita,86.0,4.0,344.0,0.35,42.39
2025-01-01,63,1112,econômico,Fígado Acebolado - Econômico,10.0,34.0,340.0,0.34,4.93
2025-01-01,65,208,bebidas,Cerveja 600mL,19.0,17.0,323.0,0.32,9.36
2025-01-01,66,1121,econômico,Parmegiana De Beringela - Econômico,10.0,32.0,320.0,0.32,4.93
2025-01-01,67,2009,principal,Strogonoff de Carne,7.0,44.0,308.0,0.31,3.45
2025-01-01,67,2011,principal,Strogonoff de Frango,7.0,44.0,308.0,0.31,3.45
2025-01-01,67,1022,principal,Parmegiana De Carne,7.0,44.0,308.0,0.31,3.45
2025-01-01,70,403,doces,Bombom de Nozes,47.0,6.5,305.5,0.31,23.16
2025-01-01,72,1110,econômico,Costela Suína - Econômico,8.0,36.0,288.0,0.29,3.94
2025-01-01,73,1119,econômico,Moqueca De Tilápia - Econômico,6.0,46.0,276.0,0.28,2.96
2025-01-01,73,305,cafés,Capuccino,23.0,12.0,276.0,0.28,11.34
2025-01-01,75,406,doces,Pudim,34.0,8.0,272.0,0.27,16.76
2025-01-01,79,405,doces,Petit Four,29.0,8.5,246.5,0.25,14.29
2025-01-01,80,202,bebidas,Água Sem Gás,48.0,5.0,240.0,0.24,23.66
2025-01-01,80,1121,econômico,Parmegiana De Beringela - Econômico,8.0,30.0,240.0,0.24,3.94
2025-01-01,80,2009,principal,Strogonoff de Carne,5.0,48.0,240.0,0.24,2.46
2025-01-01,83,310,cafés,Café Coado,26.0,9.0,234.0,0.24,12.81
2025-01-01,85,1020,principal,Panqueca,5.0,44.0,220.0,0.22,2.46
2025-01-01,85,808,salgados,Misto Quente,22.0,10.0,220.0,0.22,10.84
2025-01-01,88,1001,principal,Almôndega,5.0,42.0,210.0,0.21,2.46
2025-01-01,89,1012,principal,Fígado Acebolado,5.0,40.0,200.0,0.2,2.46
2025-01-01,89,1008,principal,Carne De Sol,4.0,50.0,200.0,0.2,1.97
2025-01-01,93,302,cafés,Café Espresso Duplo,15.0,12.0,180.0,0.18,7.39
2025-01-01,94,1014,principal,Frango Grelhado,4.0,44.0,176.0,0.18,1.97
2025-01-01,95,404,doces,Palha Italiana,17.0,10.0,170.0,0.17,8.38
2025-01-01,96,2011,principal,Strogonoff de Frango,4.0,42.0,168.0,0.17,1.97
2025-01-01,96,2001,adicional,Adicional Ovo Frito,48.0,3.5,168.0,0.17,23.66
2025-01-01,99,500,tortas,Meia Torta,18.0,9.0,162.0,0.16,8.87
2025-01-01,100,822,salgados,Coxinha de Frango com Catupiry,16.0,10.0,160.0,0.16,7.89
2025-01-01,103,408,doces,Bolo de Laranja,21.0,7.0,147.0,0.15,10.35
2025-01-01,104,2012,econômico,Strogonoff de Frango Economico,4.0,36.0,144.0,0.14,1.97
2025-01-01,106,1012,principal,Fígado Acebolado,3.0,46.0,138.0,0.14,1.48
2025-01-01,107,1010,principal,Costela Suína,3.0,42.0,126.0,0.13,1.48
2025-01-01,107,1020,principal,Panqueca,3.0,42.0,126.0,0.13,1.48
2025-01-01,110,1127,econômico,Omelete - Econômico,4.0,30.0,120.0,0.12,1.97
2025-01-01,112,821,salgados,Coxinha de Frango,12.0,9.0,108.0,0.11,5.91
2025-01-01,115,206,bebidas,H2O,13.0,7.5,97.5,0.1,6.41
2025-01-01,121,206,bebidas,H2O,11.0,8.0,88.0,0.09,5.42
2025-01-01,123,212,bebidas,Suco Limonada Suíça,7.0,12.0,84.0,0.08,3.45
2025-01-01,124,1010,principal,Costela Suína,2.0,40.0,80.0,0.08,0.99
2025-01-01,132,2015,doces,Pudim kg,1.3,50.0,65.0,0.07,0.64
2025-01-01,136,204,bebidas,Schweppes Citrus,9.0,7.0,63.0,0.06,4.44
2025-01-01,139,303,cafés,Carioca,8.0,7.5,60.0,0.06,3.94
2025-01-01,143,1019,principal,Moqueca De Tilápia,1.0,50.0,50.0,0.05,0.49
2025-01-01,143,1003,principal,Bife Ancho,1.0,50.0,50.0,0.05,0.49
2025-01-01,146,307,cafés,Macciato,4.0,12.0,48.0,0.05,1.97
2025-01-01,148,204,bebidas,Schweppes Citrus,6.0,7.5,45.0,0.05,2.96
2025-01-01,149,1005,principal,Bife Empanado,1.0,44.0,44.0,0.04,0.49
2025-01-01,156,205,bebidas,Água Tônica,5.0,7.5,37.5,0.04,2.46
2025-01-01,164,809,salgados,Pão na Chapa,3.0,10.0,30.0,0.03,1.48
2025-01-01,167,205,bebidas,Água Tônica,4.0,7.0,28.0,0.03,1.97
2025-01-01,169,3,embalagem,Embalagem Quadrada,27.0,1.0,27.0,0.03,13.31
2025-01-01,176,2,embalagem,Embalagem Torta Un,24.0,1.0,24.0,0.02,11.83
2025-01-01,186,311,cafés,Café Gelado,2.0,10.0,20.0,0.02,0.99
2025-01-01,186,813,salgados,Tapioca,2.0,10.0,20.0,0.02,0.99
2025-01-01,186,2002,adicional,Adicional Frango Econômico,2.0,10.0,20.0,0.02,0.99
2025-01-01,216,304,cafés,Carioca Duplo,1.0,12.0,12.0,0.01,0.49
2025-01-01,233,806,salgados,Quiche,1.0,10.0,10.0,0.01,0.49
2025-01-01,233,807,salgados,Cuscuz Salgado,1.0,10.0,10.0,0.01,0.49
2025-01-01,246,407,doces,Quindim,1.0,9.0,9.0,0.01,0.49
2025-01-01,255,802,salgados,Esfirra,1.0,8.0,8.0,0.01,0.49
2025-02-01,1,1116,econômico,Filé De Tilápia - Econômico,300.0,46.0,13800.0,13.48,143.13
2025-02-01,2,1122,econômico,Parmegiana De Carne - Econômico,187.0,42.0,7854.0,7.67,89.22
2025-02-01,3,1111,econômico,Feijoada - Econômico,153.0,45.0,6885.0,6.72,73.0
2025-02-01,4,1102,econômico,Bife Acebolado - Econômico,162.0,42.0,6804.0,6.64,77.29
2025-02-01,5,1125,econômico,Picadinho - Econômico,92.0,42.0,3864.0,3.77,43.89
2025-02-01,6,203,bebidas,Refrigerante,551.0,7.0,3857.0,3.77,262.88
2025-02-01,7,1124,econômico,Parmegiana De Frango - Econômico,95.0,40.0,3800.0,3.71,45.32
2025-02-01,8,1016,principal,Filé De Tilápia,66.0,52.0,3432.0,3.35,31.49
2025-02-01,9,1022,principal,Parmegiana De Carne,66.0,48.0,3168.0,3.09,31.49
2025-02-01,10,1011,principal,Feijoada,53.0,50.0,2650.0,2.59,25.29
2025-02-01,11,301,cafés,Café Espresso,346.0,7.5,2595.0,2.53,165.08
2025-02-01,12,2010,econômico,Strogonoff de Carne Economico,59.0,42.0,2478.0,2.42,28.15
2025-02-01,13,1113,econômico,Frango Sobrecoxa - Econômico,64.0,38.0,2432.0,2.38,30.53
2025-02-01,14,1112,econômico,Fígado Acebolado - Econômico,54.0,40.0,2160.0,2.11,25.76
2025-02-01,15,1114,econômico,Frango Grelhado - Econômico,50.0,38.0,1900.0,1.86,23.85
2025-02-01,16,2012,econômico,Strogonoff de Frango Economico,43.0,38.0,1634.0,1.6,20.52
2025-02-01,17,1002,principal,Bife Acebolado,32.0,48.0,1536.0,1.5,15.27
2025-02-01,18,401,doces,Brigadeiro,233.0,5.5,1281.5,1.25,111.16
2025-02-01,19,201,bebidas,Água Com Gás,221.0,5.5,1215.5,1.19,105.44
2025-02-01,20,1024,principal,Parmegiana De Frango,26.0,45.0,1170.0,1.14,12.4
2025-02-01,21,506,tortas,Torta Alemã Doce de Leite e Paçoca,55.0,18.0,990.0,0.97,26.24
2025-02-01,22,1110,econômico,Costela Suína - Econômico,26.0,36.0,936.0,0.91,12.4
2025-02-01,23,1013,principal,Frango Sobrecoxa,21.0,44.0,924.0,0.9,10.02
2025-02-01,24,503,tortas,Torta Banoffee,48.0,18.0,864.0,0.84,22.9
2025-02-01,24,2009,principal,Strogonoff de Carne,18.0,48.0,864.0,0.84,8.59
2025-02-01,26,402,doces,Bombom de Morango,84.0,10.0,840.0,0.82,40.08
2025-02-01,27,1120,econômico,Panqueca - Econômico,21.0,38.0,798.0,0.78,10.02
2025-02-01,28,210,bebidas,Suco de Laranja,73.0,10.0,730.0,0.71,34.83
2025-02-01,29,211,bebidas,Suco de Limão,69.0,10.0,690.0,0.67,32.92
2025-02-01,30,801,salgados,Empada,81.0,8.0,648.0,0.63,38.65
2025-02-01,33,2018,salgados,Salgados,50.0,12.0,600.0,0.59,23.85
2025-02-01,34,1121,econômico,Parmegiana De Beringela - Econômico,18.0,32.0,576.0,0.56,8.59
2025-02-01,35,2011,principal,Strogonoff de Frango,13.0,44.0,572.0,0.56,6.2
2025-02-01,36,501,tortas,Torta de Brigadeiro Meio Amargo,30.0,18.0,540.0,0.53,14.31
2025-02-01,36,305,cafés,Capuccino,45.0,12.0,540.0,0.53,21.47
2025-02-01,38,1014,principal,Frango Grelhado,12.0,44.0,528.0,0.52,5.73
2025-02-01,40,208,bebidas,Cerveja 600mL,28.0,17.0,476.0,0.46,13.36
2025-02-01,42,1025,principal,Picadinho,9.0,48.0,432.0,0.42,4.29
2025-02-01,43,510,tortas,Torta Kg,3.4,120.0,408.0,0.4,1.62
2025-02-01,44,502,tortas,Torta de Morango,21.0,18.0,378.0,0.37,10.02
2025-02-01,44,1010,principal,Costela Suína,9.0,42.0,378.0,0.37,4.29
2025-02-01,44,505,tortas,Torta Alemã Chocolate Meio Amargo,21.0,18.0,378.0,0.37,10.02
2025-02-01,48,1012,principal,Fígado Acebolado,8.0,46.0,368.0,0.36,3.82
2025-02-01,49,406,doces,Pudim,45.0,8.0,360.0,0.35,21.47
2025-02-01,52,202,bebidas,Água Sem Gás,60.0,5.0,300.0,0.29,28.63
2025-02-01,54,206,bebidas,H2O,35.0,8.0,280.0,0.27,16.7
2025-02-01,55,2001,adicional,Adicional Ovo Frito,79.0,3.5,276.5,0.27,37.69
2025-02-01,57,822,salgados,Coxinha de Frango com Catupiry,25.0,10.0,250.0,0.24,11.93
2025-02-01,59,403,doces,Bombom de Nozes,36.0,6.5,234.0,0.23,17.18
2025-02-01,61,204,bebidas,Schweppes Citrus,29.0,7.5,217.5,0.21,13.84
2025-02-01,63,404,doces,Palha Italiana,20.0,10.0,200.0,0.2,9.54
2025-02-01,65,1126,econômico,Rabada - Econômico,5.0,38.0,190.0,0.19,2.39
2025-02-01,66,1,embalagem,Embalagem Marmita,46.0,4.0,184.0,0.18,21.95
2025-02-01,66,1119,econômico,Moqueca De Tilápia - Econômico,4.0,46.0,184.0,0.18,1.91
2025-02-01,68,1127,econômico,Omelete - Econômico,6.0,30.0,180.0,0.18,2.86
2025-02-01,68,809,salgados,Pão na Chapa,18.0,10.0,180.0,0.18,8.59
2025-02-01,71,405,doces,Petit Four,20.0,8.5,170.0,0.17,9.54
2025-02-01,74,407,doces,Quindim,15.0,9.0,135.0,0.13,7.16
2025-02-01,76,2015,doces,Pudim kg,2.6,50.0,130.0,0.13,1.24
2025-02-01,76,808,salgados,Misto Quente,13.0,10.0,130.0,0.13,6.2
2025-02-01,79,212,bebidas,Suco Limonada Suíça,10.0,12.0,120.0,0.12,4.77
2025-02-01,81,821,salgados,Coxinha de Frango,13.0,9.0,117.0,0.11,6.2
2025-02-01,82,408,doces,Bolo de Laranja,16.0,7.0,112.0,0.11,7.63
2025-02-01,87,2016,tortas,Bolo no Pote,5.0,18.0,90.0,0.09,2.39
2025-02-01,88,304,cafés,Carioca Duplo,7.0,12.0,84.0,0.08,3.34
2025-02-01,89,3,embalagem,Embalagem Quadrada,82.0,1.0,82.0,0.08,39.12
2025-02-01,90,500,tortas,Meia Torta,9.0,9.0,81.0,0.08,4.29
2025-02-01,91,207,bebidas,Cerveja Long Neck,8.0,10.0,80.0,0.08,3.82
2025-02-01,93,1021,principal,Parmegiana De Beringela,2.0,36.0,72.0,0.07,0.95
2025-02-01,99,307,cafés,Macciato,5.0,12.0,60.0,0.06,2.39
2025-02-01,106,302,cafés,Café Espresso Duplo,4.0,12.0,48.0,0.05,1.91
2025-02-01,109,1108,econômico,Carne De Sol - Econômico,1.0,45.0,45.0,0.04,0.48
2025-02-01,111,1026,principal,Rabada,1.0,44.0,44.0,0.04,0.48
2025-02-01,111,1020,principal,Panqueca,1.0,44.0,44.0,0.04,0.48
2025-02-01,121,205,bebidas,Água Tônica,4.0,7.5,30.0,0.03,1.91
2025-02-01,121,303,cafés,Carioca,4.0,7.5,30.0,0.03,1.91
2025-02-01,136,2,embalagem,Embalagem Torta Un,24.0,1.0,24.0,0.02,11.45
2025-02-01,145,813,salgados,Tapioca,2.0,10.0,20.0,0.02,0.95
2025-02-01,170,309,cafés,Mocha,1.0,14.0,14.0,0.01,0.48
2025-02-01,189,807,salgados,Cuscuz Salgado,1.0,10.0,10.0,0.01,0.48
2025-02-01,197,310,cafés,Café Coado,1.0,9.0,9.0,0.01,0.48
2025-03-01,1,1116,econômico,Filé De Tilápia - Econômico,288.0,46.0,13248.0,14.99,156.86
2025-03-01,2,1122,econômico,Parmegiana De Carne - Econômico,169.0,42.0,7098.0,8.03,92.05
2025-03-01,3,1111,econômico,Feijoada - Econômico,157.0,45.0,7065.0,7.99,85.51
2025-03-01,4,1102,econômico,Bife Acebolado - Econômico,136.0,42.0,5712.0,6.46,74.07
2025-03-01,5,203,bebidas,Refrigerante,474.0,7.0,3318.0,3.75,258.17
2025-03-01,6,1125,econômico,Picadinho - Econômico,77.0,42.0,3234.0,3.66,41.94
2025-03-01,7,1124,econômico,Parmegiana De Frango - Econômico,80.0,40.0,3200.0,3.62,43.57
2025-03-01,8,1016,principal,Filé De Tilápia,47.0,52.0,2444.0,2.77,25.6
2025-03-01,9,301,cafés,Café Espresso,322.0,7.5,2415.0,2.73,175.38
2025-03-01,10,1011,principal,Feijoada,47.0,50.0,2350.0,2.66,25.6
2025-03-01,11,1022,principal,Parmegiana De Carne,46.0,48.0,2208.0,2.5,25.05
2025-03-01,12,1113,econômico,Frango Sobrecoxa - Econômico,41.0,38.0,1558.0,1.76,22.33
2025-03-01,13,1002,principal,Bife Acebolado,32.0,48.0,1536.0,1.74,17.43
2025-03-01,14,2010,econômico,Strogonoff de Carne Economico,34.0,42.0,1428.0,1.62,18.52
2025-03-01,15,1114,econômico,Frango Grelhado - Econômico,37.0,38.0,1406.0,1.59,20.15
2025-03-01,15,2012,econômico,Strogonoff de Frango Economico,37.0,38.0,1406.0,1.59,20.15
2025-03-01,17,201,bebidas,Água Com Gás,226.0,5.5,1243.0,1.41,123.09
2025-03-01,18,1112,econômico,Fígado Acebolado - Econômico,30.0,40.0,1200.0,1.36,16.34
2025-03-01,19,503,tortas,Torta Banoffee,65.0,18.0,1170.0,1.32,35.4
2025-03-01,20,401,doces,Brigadeiro,178.0,5.5,979.0,1.11,96.95
2025-03-01,21,1024,principal,Parmegiana De Frango,21.0,45.0,945.0,1.07,11.44
2025-03-01,22,402,doces,Bombom de Morango,89.0,10.0,890.0,1.01,48.47
2025-03-01,23,510,tortas,Torta Kg,7.23,120.0,867.6,0.98,3.94
2025-03-01,24,1014,principal,Frango Grelhado,19.0,44.0,836.0,0.95,10.35
2025-03-01,25,1025,principal,Picadinho,16.0,48.0,768.0,0.87,8.71
2025-03-01,26,801,salgados,Empada,87.0,8.0,696.0,0.79,47.39
2025-03-01,27,506,tortas,Torta Alemã Doce de Leite e Paçoca,37.0,18.0,666.0,0.75,20.15
2025-03-01,28,2011,principal,Strogonoff de Frango,15.0,44.0,660.0,0.75,8.17
2025-03-01,29,1013,principal,Frango Sobrecoxa,14.0,44.0,616.0,0.7,7.63
2025-03-01,30,210,bebidas,Suco de Laranja,60.0,10.0,600.0,0.68,32.68
2025-03-01,32,2018,salgados,Salgados,44.0,12.0,528.0,0.6,23.97
2025-03-01,32,2009,principal,Strogonoff de Carne,11.0,48.0,528.0,0.6,5.99
2025-03-01,34,501,tortas,Torta de Brigadeiro Meio Amargo,28.0,18.0,504.0,0.57,15.25
2025-03-01,35,1115,econômico,Frango Empanado - Econômico,13.0,38.0,494.0,0.56,7.08
2025-03-01,36,505,tortas,Torta Alemã Chocolate Meio Amargo,27.0,18.0,486.0,0.55,14.71
2025-03-01,37,211,bebidas,Suco de Limão,48.0,10.0,480.0,0.54,26.14
2025-03-01,38,208,bebidas,Cerveja 600mL,26.0,17.0,442.0,0.5,14.16
2025-03-01,41,1120,econômico,Panqueca - Econômico,11.0,38.0,418.0,0.47,5.99
2025-03-01,43,1121,econômico,Parmegiana De Beringela - Econômico,12.0,32.0,384.0,0.43,6.54
2025-03-01,46,1012,principal,Fígado Acebolado,7.0,46.0,322.0,0.36,3.81
2025-03-01,47,822,salgados,Coxinha de Frango com Catupiry,29.0,10.0,290.0,0.33,15.8
2025-03-01,49,305,cafés,Capuccino,23.0,12.0,276.0,0.31,12.53
2025-03-01,50,202,bebidas,Água Sem Gás,54.0,5.0,270.0,0.31,29.41
2025-03-01,52,2001,adicional,Adicional Ovo Frito,68.0,3.5,238.0,0.27,37.04
2025-03-01,52,405,doces,Petit Four,28.0,8.5,238.0,0.27,15.25
2025-03-01,55,821,salgados,Coxinha de Frango,26.0,9.0,234.0,0.26,14.16
2025-03-01,56,406,doces,Pudim,29.0,8.0,232.0,0.26,15.8
2025-03-01,57,500,tortas,Meia Torta,25.0,9.0,225.0,0.25,13.62
2025-03-01,58,403,doces,Bombom de Nozes,34.0,6.5,221.0,0.25,18.52
2025-03-01,59,1,embalagem,Embalagem Marmita,54.0,4.0,216.0,0.24,29.41
2025-03-01,59,1021,principal,Parmegiana De Beringela,6.0,36.0,216.0,0.24,3.27
2025-03-01,59,2016,tortas,Bolo no Pote,12.0,18.0,216.0,0.24,6.54
2025-03-01,63,809,salgados,Pão na Chapa,20.0,10.0,200.0,0.23,10.89
2025-03-01,64,502,tortas,Torta de Morango,11.0,18.0,198.0,0.22,5.99
2025-03-01,65,404,doces,Palha Italiana,19.0,10.0,190.0,0.22,10.35
2025-03-01,66,206,bebidas,H2O,23.0,8.0,184.0,0.21,12.53
2025-03-01,67,1015,principal,Frango Empanado,4.0,44.0,176.0,0.2,2.18
2025-03-01,76,408,doces,Bolo de Laranja,16.0,7.0,112.0,0.13,8.71
2025-03-01,78,302,cafés,Café Espresso Duplo,8.0,12.0,96.0,0.11,4.36
2025-03-01,80,204,bebidas,Schweppes Citrus,12.0,7.5,90.0,0.1,6.54
2025-03-01,81,1020,principal,Panqueca,2.0,44.0,88.0,0.1,1.09
2025-03-01,87,303,cafés,Carioca,10.0,7.5,75.0,0.08,5.45
2025-03-01,88,1107,econômico,Carne Assada - Econômico,2.0,36.0,72.0,0.08,1.09
2025-03-01,88,212,bebidas,Suco Limonada Suíça,6.0,12.0,72.0,0.08,3.27
2025-03-01,91,1127,econômico,Omelete - Econômico,2.0,30.0,60.0,0.07,1.09
2025-03-01,91,808,salgados,Misto Quente,6.0,10.0,60.0,0.07,3.27
2025-03-01,95,2015,doces,Pudim kg,1.1,50.0,55.0,0.06,0.6
2025-03-01,105,3,embalagem,Embalagem Quadrada,39.0,1.0,39.0,0.04,21.24
2025-03-01,117,2,embalagem,Embalagem Torta Un,30.0,1.0,30.0,0.03,16.34
2025-03-01,117,813,salgados,Tapioca,3.0,10.0,30.0,0.03,1.63
2025-03-01,121,304,cafés,Carioca Duplo,2.0,12.0,24.0,0.03,1.09
2025-03-01,123,205,bebidas,Água Tônica,3.0,7.5,22.5,0.03,1.63
2025-03-01,129,207,bebidas,Cerveja Long Neck,2.0,10.0,20.0,0.02,1.09
2025-03-01,134,504,tortas,Torta Cheesecake de Frutas Vermelhas,1.0,18.0,18.0,0.02,0.54
2025-03-01,167,807,salgados,Cuscuz Salgado,1.0,10.0,10.0,0.01,0.54
2025-03-01,178,310,cafés,Café Coado,1.0,9.0,9.0,0.01,0.54
2025-04-01,1,1116,econômico,Filé De Tilápia - Econômico,258.0,46.0,11868.0,12.21,129.0
2025-04-01,2,1122,econômico,Parmegiana De Carne - Econômico,219.0,42.0,9198.0,9.46,109.5
2025-04-01,3,1111,econômico,Feijoada - Econômico,146.0,45.0,6570.0,6.76,73.0
2025-04-01,4,1102,econômico,Bife Acebolado - Econômico,144.0,42.0,6048.0,6.22,72.0
2025-04-01,5,1124,econômico,Parmegiana De Frango - Econômico,97.0,40.0,3880.0,3.99,48.5
2025-04-01,6,203,bebidas,Refrigerante,528.0,7.0,3696.0,3.8,264.0
2025-04-01,7,1125,econômico,Picadinho - Econômico,82.0,42.0,3444.0,3.54,41.0
2025-04-01,8,2010,econômico,Strogonoff de Carne Economico,69.0,42.0,2898.0,2.98,34.5
2025-04-01,9,301,cafés,Café Espresso,383.0,7.5,2872.5,2.95,191.5
2025-04-01,10,1022,principal,Parmegiana De Carne,59.0,48.0,2832.0,2.91,29.5
2025-04-01,11,1016,principal,Filé De Tilápia,45.0,52.0,2340.0,2.41,22.5
2025-04-01,12,1114,econômico,Frango Grelhado - Econômico,58.0,38.0,2204.0,2.27,29.0
2025-04-01,13,1112,econômico,Fígado Acebolado - Econômico,47.0,40.0,1880.0,1.93,23.5
2025-04-01,14,1011,principal,Feijoada,32.0,50.0,1600.0,1.65,16.0
2025-04-01,15,1024,principal,Parmegiana De Frango,30.0,45.0,1350.0,1.39,15.0
2025-04-01,16,2012,econômico,Strogonoff de Frango Economico,35.0,38.0,1330.0,1.37,17.5
2025-04-01,17,1120,econômico,Panqueca - Econômico,34.0,38.0,1292.0,1.33,17.0
2025-04-01,18,201,bebidas,Água Com Gás,231.0,5.5,1270.5,1.31,115.5
2025-04-01,19,402,doces,Bombom de Morango,125.0,10.0,1250.0,1.29,62.5
2025-04-01,20,1113,econômico,Frango Sobrecoxa - Econômico,32.0,38.0,1216.0,1.25,16.0
2025-04-01,21,503,tortas,Torta Banoffee,58.0,18.0,1044.0,1.07,29.0
2025-04-01,22,801,salgados,Empada,109.0,8.0,872.0,0.9,54.5
2025-04-01,23,401,doces,Brigadeiro,156.0,5.5,858.0,0.88,78.0
2025-04-01,24,1002,principal,Bife Acebolado,17.0,48.0,816.0,0.84,8.5
2025-04-01,25,1013,principal,Frango Sobrecoxa,18.0,44.0,792.0,0.81,9.0
2025-04-01,26,2009,principal,Strogonoff de Carne,16.0,48.0,768.0,0.79,8.0
2025-04-01,26,510,tortas,Torta Kg,6.4,120.0,768.0,0.79,3.2
2025-04-01,28,210,bebidas,Suco de Laranja,74.0,10.0,740.0,0.76,37.0
2025-04-01,29,1110,econômico,Costela Suína - Econômico,19.0,36.0,684.0,0.7,9.5
2025-04-01,29,2018,salgados,Salgados,57.0,12.0,684.0,0.7,28.5
2025-04-01,29,506,tortas,Torta Alemã Doce de Leite e Paçoca,38.0,18.0,684.0,0.7,19.0
2025-04-01,32,505,tortas,Torta Alemã Chocolate Meio Amargo,37.0,18.0,666.0,0.69,18.5
2025-04-01,33,1014,principal,Frango Grelhado,14.0,44.0,616.0,0.63,7.0
2025-04-01,34,305,cafés,Capuccino,51.0,12.0,612.0,0.63,25.5
2025-04-01,35,1121,econômico,Parmegiana De Beringela - Econômico,19.0,32.0,608.0,0.63,9.5
2025-04-01,37,211,bebidas,Suco de Limão,60.0,10.0,600.0,0.62,30.0
2025-04-01,38,1012,principal,Fígado Acebolado,13.0,46.0,598.0,0.62,6.5
2025-04-01,39,1025,principal,Picadinho,12.0,48.0,576.0,0.59,6.0
2025-04-01,41,208,bebidas,Cerveja 600mL,29.0,17.0,493.0,0.51,14.5
2025-04-01,42,2011,principal,Strogonoff de Frango,11.0,44.0,484.0,0.5,5.5
2025-04-01,44,501,tortas,Torta de Brigadeiro Meio Amargo,24.0,18.0,432.0,0.44,12.0
2025-04-01,46,406,doces,Pudim,52.0,8.0,416.0,0.43,26.0
2025-04-01,47,822,salgados,Coxinha de Frango com Catupiry,41.0,10.0,410.0,0.42,20.5
2025-04-01,48,1115,econômico,Frango Empanado - Econômico,10.0,38.0,380.0,0.39,5.0
2025-04-01,49,403,doces,Bombom de Nozes,56.0,6.5,364.0,0.37,28.0
2025-04-01,50,502,tortas,Torta de Morango,20.0,18.0,360.0,0.37,10.0
2025-04-01,55,1020,principal,Panqueca,6.0,44.0,264.0,0.27,3.0
2025-04-01,56,809,salgados,Pão na Chapa,26.0,10.0,260.0,0.27,13.0
2025-04-01,57,202,bebidas,Água Sem Gás,51.0,5.0,255.0,0.26,25.5
2025-04-01,59,2001,adicional,Adicional Ovo Frito,71.0,3.5,248.5,0.26,35.5
2025-04-01,60,302,cafés,Café Espresso Duplo,18.0,12.0,216.0,0.22,9.0
2025-04-01,61,1,embalagem,Embalagem Marmita,53.0,4.0,212.0,0.22,26.5
2025-04-01,62,1127,econômico,Omelete - Econômico,7.0,30.0,210.0,0.22,3.5
2025-04-01,63,821,salgados,Coxinha de Frango,22.0,9.0,198.0,0.2,11.0
2025-04-01,66,1106,econômico,Bisteca Suína - Econômico,5.0,36.0,180.0,0.19,2.5
2025-04-01,68,206,bebidas,H2O,22.0,8.0,176.0,0.18,11.0
2025-04-01,69,404,doces,Palha Italiana,17.0,10.0,170.0,0.17,8.5
2025-04-01,70,1010,principal,Costela Suína,4.0,42.0,168.0,0.17,2.0
2025-04-01,73,405,doces,Petit Four,18.0,8.5,153.0,0.16,9.0
2025-04-01,73,500,tortas,Meia Torta,17.0,9.0,153.0,0.16,8.5
2025-04-01,76,408,doces,Bolo de Laranja,21.0,7.0,147.0,0.15,10.5
2025-04-01,78,1021,principal,Parmegiana De Beringela,4.0,36.0,144.0,0.15,2.0
2025-04-01,81,303,cafés,Carioca,14.0,7.5,105.0,0.11,7.0
2025-04-01,87,2016,tortas,Bolo no Pote,5.0,18.0,90.0,0.09,2.5
2025-04-01,97,204,bebidas,Schweppes Citrus,7.0,7.5,52.5,0.05,3.5
2025-04-01,97,205,bebidas,Água Tônica,7.0,7.5,52.5,0.05,3.5
2025-04-01,102,2015,doces,Pudim kg,1.0,50.0,50.0,0.05,0.5
2025-04-01,104,212,bebidas,Suco Limonada Suíça,4.0,12.0,48.0,0.05,2.0
2025-04-01,108,1015,principal,Frango Empanado,1.0,44.0,44.0,0.05,0.5
2025-04-01,110,808,salgados,Misto Quente,4.0,10.0,40.0,0.04,2.0
2025-04-01,113,504,tortas,Torta Cheesecake de Frutas Vermelhas,2.0,18.0,36.0,0.04,1.0
2025-04-01,113,3,embalagem,Embalagem Quadrada,36.0,1.0,36.0,0.04,18.0
2025-04-01,118,813,salgados,Tapioca,3.0,10.0,30.0,0.03,1.5
2025-04-01,124,2,embalagem,Embalagem Torta Un,26.0,1.0,26.0,0.03,13.0
2025-04-01,167,811,salgados,Pão na Chapa com Ovo,1.0,12.0,12.0,0.01,0.5
2025-04-01,167,304,cafés,Carioca Duplo,1.0,12.0,12.0,0.01,0.5
2025-04-01,181,207,bebidas,Cerveja Long Neck,1.0,10.0,10.0,0.01,0.5
2025-04-01,181,824,salgados,Coxinha de Carne Seca com Catupiry,1.0,10.0,10.0,0.01,0.5
2025-04-01,181,807,salgados,Cuscuz Salgado,1.0,10.0,10.0,0.01,0.5
2025-05-01,1,1116,econômico,Filé De Tilápia - Econômico,302.0,46.0,13892.0,12.89,133.22
2025-05-01,2,1111,econômico,Feijoada - Econômico,216.0,45.0,9720.0,9.02,95.28
2025-05-01,3,1122,econômico,Parmegiana De Carne - Econômico,192.0,42.0,8064.0,7.48,84.69
2025-05-01,4,1102,econômico,Bife Acebolado - Econômico,152.0,42.0,6384.0,5.92,67.05
2025-05-01,5,1124,econômico,Parmegiana De Frango - Econômico,129.0,40.0,5160.0,4.79,56.9
2025-05-01,6,1125,econômico,Picadinho - Econômico,114.0,42.0,4788.0,4.44,50.29
2025-05-01,7,203,bebidas,Refrigerante,531.0,7.0,3717.0,3.45,234.23
2025-05-01,8,1011,principal,Feijoada,68.0,50.0,3400.0,3.15,30.0
2025-05-01,9,301,cafés,Café Espresso,435.0,7.5,3262.5,3.03,191.88
2025-05-01,10,1022,principal,Parmegiana De Carne,63.0,48.0,3024.0,2.81,27.79
2025-05-01,11,1113,econômico,Frango Sobrecoxa - Econômico,75.0,38.0,2850.0,2.64,33.08
2025-05-01,12,2010,econômico,Strogonoff de Carne Economico,62.0,42.0,2604.0,2.42,27.35
2025-05-01,13,1016,principal,Filé De Tilápia,41.0,52.0,2132.0,1.98,18.09
2025-05-01,14,1112,econômico,Fígado Acebolado - Econômico,43.0,40.0,1720.0,1.6,18.97
2025-05-01,15,1114,econômico,Frango Grelhado - Econômico,43.0,38.0,1634.0,1.52,18.97
2025-05-01,16,1002,principal,Bife Acebolado,33.0,48.0,1584.0,1.47,14.56
2025-05-01,17,201,bebidas,Água Com Gás,271.0,5.5,1490.5,1.38,119.54
2025-05-01,18,503,tortas,Torta Banoffee,65.0,18.0,1170.0,1.09,28.67
2025-05-01,19,1110,econômico,Costela Suína - Econômico,32.0,36.0,1152.0,1.07,14.12
2025-05-01,19,510,tortas,Torta Kg,9.6,120.0,1152.0,1.07,4.23
2025-05-01,21,1013,principal,Frango Sobrecoxa,26.0,44.0,1144.0,1.06,11.47
2025-05-01,22,2012,econômico,Strogonoff de Frango Economico,27.0,38.0,1026.0,0.95,11.91
2025-05-01,23,402,doces,Bombom de Morango,102.0,10.0,1020.0,0.95,44.99
2025-05-01,24,401,doces,Brigadeiro,181.0,5.5,995.5,0.92,79.84
2025-05-01,25,506,tortas,Torta Alemã Doce de Leite e Paçoca,54.0,18.0,972.0,0.9,23.82
2025-05-01,26,801,salgados,Empada,117.0,8.0,936.0,0.87,51.61
2025-05-01,27,1024,principal,Parmegiana De Frango,19.0,45.0,855.0,0.79,8.38
2025-05-01,28,2009,principal,Strogonoff de Carne,17.0,48.0,816.0,0.76,7.5
2025-05-01,29,2018,salgados,Salgados,64.0,12.0,768.0,0.71,28.23
2025-05-01,30,208,bebidas,Cerveja 600mL,41.0,17.0,697.0,0.65,18.09
2025-05-01,32,1025,principal,Picadinho,13.0,48.0,624.0,0.58,5.73
2025-05-01,33,211,bebidas,Suco de Limão,61.0,10.0,610.0,0.57,26.91
2025-05-01,34,210,bebidas,Suco de Laranja,59.0,10.0,590.0,0.55,26.03
2025-05-01,35,1120,econômico,Panqueca - Econômico,14.0,38.0,532.0,0.49,6.18
2025-05-01,38,501,tortas,Torta de Brigadeiro Meio Amargo,28.0,18.0,504.0,0.47,12.35
2025-05-01,38,305,cafés,Capuccino,42.0,12.0,504.0,0.47,18.53
2025-05-01,41,403,doces,Bombom de Nozes,67.0,6.5,435.5,0.4,29.55
2025-05-01,42,1012,principal,Fígado Acebolado,9.0,46.0,414.0,0.38,3.97
2025-05-01,43,404,doces,Palha Italiana,41.0,10.0,410.0,0.38,18.09
2025-05-01,45,505,tortas,Torta Alemã Chocolate Meio Amargo,20.0,18.0,360.0,0.33,8.82
2025-05-01,46,406,doces,Pudim,44.0,8.0,352.0,0.33,19.41
2025-05-01,49,1121,econômico,Parmegiana De Beringela - Econômico,10.0,32.0,320.0,0.3,4.41
2025-05-01,51,809,salgados,Pão na Chapa,29.0,10.0,290.0,0.27,12.79
2025-05-01,52,202,bebidas,Água Sem Gás,56.0,5.0,280.0,0.26,24.7
2025-05-01,52,822,salgados,Coxinha de Frango com Catupiry,28.0,10.0,280.0,0.26,12.35
2025-05-01,54,302,cafés,Café Espresso Duplo,23.0,12.0,276.0,0.26,10.15
2025-05-01,55,502,tortas,Torta de Morango,15.0,18.0,270.0,0.25,6.62
2025-05-01,56,2016,tortas,Bolo no Pote,14.0,18.0,252.0,0.23,6.18
2025-05-01,56,1010,principal,Costela Suína,6.0,42.0,252.0,0.23,2.65
2025-05-01,58,821,salgados,Coxinha de Frango,26.0,9.0,234.0,0.22,11.47
2025-05-01,60,2011,principal,Strogonoff de Frango,5.0,44.0,220.0,0.2,2.21
2025-05-01,60,1014,principal,Frango Grelhado,5.0,44.0,220.0,0.2,2.21
2025-05-01,60,1,embalagem,Embalagem Marmita,55.0,4.0,220.0,0.2,24.26
2025-05-01,66,1127,econômico,Omelete - Econômico,7.0,30.0,210.0,0.19,3.09
2025-05-01,68,3,embalagem,Embalagem Quadrada,202.0,1.0,202.0,0.19,89.1
2025-05-01,69,204,bebidas,Schweppes Citrus,25.0,7.5,187.5,0.17,11.03
2025-05-01,70,405,doces,Petit Four,21.0,8.5,178.5,0.17,9.26
2025-05-01,70,2001,adicional,Adicional Ovo Frito,51.0,3.5,178.5,0.17,22.5
2025-05-01,73,408,doces,Bolo de Laranja,25.0,7.0,175.0,0.16,11.03
2025-05-01,77,1115,econômico,Frango Empanado - Econômico,4.0,38.0,152.0,0.14,1.76
2025-05-01,81,206,bebidas,H2O,16.0,8.0,128.0,0.12,7.06
2025-05-01,82,500,tortas,Meia Torta,14.0,9.0,126.0,0.12,6.18
2025-05-01,86,212,bebidas,Suco Limonada Suíça,8.0,12.0,96.0,0.09,3.53
2025-05-01,88,1020,principal,Panqueca,2.0,44.0,88.0,0.08,0.88
2025-05-01,88,1015,principal,Frango Empanado,2.0,44.0,88.0,0.08,0.88
2025-05-01,94,1021,principal,Parmegiana De Beringela,2.0,36.0,72.0,0.07,0.88
2025-05-01,99,2015,doces,Pudim kg,1.2,50.0,60.0,0.06,0.53
2025-05-01,99,303,cafés,Carioca,8.0,7.5,60.0,0.06,3.53
2025-05-01,105,808,salgados,Misto Quente,5.0,10.0,50.0,0.05,2.21
2025-05-01,110,1001,principal,Almôndega,1.0,42.0,42.0,0.04,0.44
2025-05-01,111,207,bebidas,Cerveja Long Neck,4.0,10.0,40.0,0.04,1.76
2025-05-01,114,2,embalagem,Embalagem Torta Un,37.0,1.0,37.0,0.03,16.32
2025-05-01,117,1118,econômico,Lagarto - Econômico,1.0,36.0,36.0,0.03,0.44
2025-05-01,117,307,cafés,Macciato,3.0,12.0,36.0,0.03,1.32
2025-05-01,126,205,bebidas,Água Tônica,4.0,7.5,30.0,0.03,1.76
2025-05-01,126,813,salgados,Tapioca,3.0,10.0,30.0,0.03,1.32
2025-05-01,145,310,cafés,Café Coado,2.0,9.0,18.0,0.02,0.88
2025-05-01,173,811,salgados,Pão na Chapa com Ovo,1.0,12.0,12.0,0.01,0.44
2025-05-01,173,304,cafés,Carioca Duplo,1.0,12.0,12.0,0.01,0.44
2025-05-01,197,824,salgados,Coxinha de Carne Seca com Catupiry,1.0,10.0,10.0,0.01,0.44
2025-05-01,197,807,salgados,Cuscuz Salgado,1.0,10.0,10.0,0.01,0.44
2025-06-01,1,1116,econômico,Filé De Tilápia - Econômico,293.0,46.0,13478.0,12.92,133.49
2025-06-01,2,1111,econômico,Feijoada - Econômico,180.0,45.0,8100.0,7.77,82.0
2025-06-01,3,1102,econômico,Bife Acebolado - Econômico,167.0,42.0,7014.0,6.72,76.08
2025-06-01,4,1122,econômico,Parmegiana De Carne - Econômico,166.0,42.0,6972.0,6.68,75.63
2025-06-01,5,301,cafés,Café Espresso,569.0,7.5,4267.5,4.09,259.23
2025-06-01,6,1124,econômico,Parmegiana De Frango - Econômico,103.0,40.0,4120.0,3.95,46.92
2025-06-01,7,203,bebidas,Refrigerante,542.0,7.0,3794.0,3.64,246.92
2025-06-01,8,1011,principal,Feijoada,70.0,50.0,3500.0,3.36,31.89
2025-06-01,9,1125,econômico,Picadinho - Econômico,82.0,42.0,3444.0,3.3,37.36
2025-06-01,10,1113,econômico,Frango Sobrecoxa - Econômico,78.0,38.0,2964.0,2.84,35.54
2025-06-01,11,1016,principal,Filé De Tilápia,51.0,52.0,2652.0,2.54,23.23
2025-06-01,12,2010,econômico,Strogonoff de Carne Economico,58.0,42.0,2436.0,2.34,26.42
2025-06-01,13,1114,econômico,Frango Grelhado - Econômico,64.0,38.0,2432.0,2.33,29.16
2025-06-01,14,1022,principal,Parmegiana De Carne,43.0,48.0,2064.0,1.98,19.59
2025-06-01,15,1112,econômico,Fígado Acebolado - Econômico,34.0,40.0,1360.0,1.3,15.49
2025-06-01,16,201,bebidas,Água Com Gás,236.0,5.5,1298.0,1.24,107.52
2025-06-01,17,1013,principal,Frango Sobrecoxa,29.0,44.0,1276.0,1.22,13.21
2025-06-01,18,1123,econômico,Parmegiana De Filé Mignon - Econômico,26.0,49.0,1274.0,1.22,11.85
2025-06-01,19,402,doces,Bombom de Morango,120.0,10.0,1200.0,1.15,54.67
2025-06-01,20,401,doces,Brigadeiro,199.0,5.5,1094.5,1.05,90.66
2025-06-01,21,1109,econômico,Costela Bovina - Econômico,23.0,42.0,966.0,0.93,10.48
2025-06-01,22,1024,principal,Parmegiana De Frango,20.0,45.0,900.0,0.86,9.11
2025-06-01,23,801,salgados,Empada,108.0,8.0,864.0,0.83,49.2
2025-06-01,23,503,tortas,Torta Banoffee,48.0,18.0,864.0,0.83,21.87
2025-06-01,23,1025,principal,Picadinho,18.0,48.0,864.0,0.83,8.2
2025-06-01,23,1002,principal,Bife Acebolado,18.0,48.0,864.0,0.83,8.2
2025-06-01,27,822,salgados,Coxinha de Frango com Catupiry,71.0,10.0,710.0,0.68,32.35
2025-06-01,28,305,cafés,Capuccino,58.0,12.0,696.0,0.67,26.42
2025-06-01,30,506,tortas,Torta Alemã Doce de Leite e Paçoca,38.0,18.0,684.0,0.66,17.31
2025-06-01,31,2018,salgados,Salgados,53.0,12.0,636.0,0.61,24.15
2025-06-01,32,210,bebidas,Suco de Laranja,63.0,10.0,630.0,0.6,28.7
2025-06-01,33,403,doces,Bombom de Nozes,95.0,6.5,617.5,0.59,43.28
2025-06-01,34,1106,econômico,Bisteca Suína - Econômico,17.0,36.0,612.0,0.59,7.74
2025-06-01,34,505,tortas,Torta Alemã Chocolate Meio Amargo,34.0,18.0,612.0,0.59,15.49
2025-06-01,36,211,bebidas,Suco de Limão,58.0,10.0,580.0,0.56,26.42
2025-06-01,37,1101,econômico,Almôndega - Econômico,14.0,38.0,532.0,0.51,6.38
2025-06-01,38,2009,principal,Strogonoff de Carne,11.0,48.0,528.0,0.51,5.01
2025-06-01,38,510,tortas,Torta Kg,4.4,120.0,528.0,0.51,2.0
2025-06-01,40,501,tortas,Torta de Brigadeiro Meio Amargo,29.0,18.0,522.0,0.5,13.21
2025-06-01,43,2012,econômico,Strogonoff de Frango Economico,13.0,38.0,494.0,0.47,5.92
2025-06-01,44,1014,principal,Frango Grelhado,11.0,44.0,484.0,0.46,5.01
2025-06-01,46,1023,principal,Parmegiana De Filé Mignon,8.0,55.0,440.0,0.42,3.64
2025-06-01,47,502,tortas,Torta de Morango,24.0,18.0,432.0,0.41,10.93
2025-06-01,49,1121,econômico,Parmegiana De Beringela - Econômico,12.0,32.0,384.0,0.37,5.47
2025-06-01,50,1107,econômico,Carne Assada - Econômico,10.0,36.0,360.0,0.35,4.56
2025-06-01,52,1120,econômico,Panqueca - Econômico,9.0,38.0,342.0,0.33,4.1
2025-06-01,53,208,bebidas,Cerveja 600mL,20.0,17.0,340.0,0.33,9.11
2025-06-01,54,404,doces,Palha Italiana,32.0,10.0,320.0,0.31,14.58
2025-06-01,57,1117,econômico,Filé Mignon Suíno - Econômico,9.0,34.0,306.0,0.29,4.1
2025-06-01,58,202,bebidas,Água Sem Gás,58.0,5.0,290.0,0.28,26.42
2025-06-01,59,406,doces,Pudim,34.0,8.0,272.0,0.26,15.49
2025-06-01,60,809,salgados,Pão na Chapa,27.0,10.0,270.0,0.26,12.3
2025-06-01,61,405,doces,Petit Four,31.0,8.5,263.5,0.25,14.12
2025-06-01,62,1006,principal,Bisteca Suína,6.0,42.0,252.0,0.24,2.73
2025-06-01,64,1,embalagem,Embalagem Marmita,52.0,4.0,208.0,0.2,23.69
2025-06-01,66,206,bebidas,H2O,25.0,8.0,200.0,0.19,11.39
2025-06-01,70,302,cafés,Café Espresso Duplo,15.0,12.0,180.0,0.17,6.83
2025-06-01,71,2001,adicional,Adicional Ovo Frito,51.0,3.5,178.5,0.17,23.23
2025-06-01,73,2016,tortas,Bolo no Pote,9.0,18.0,162.0,0.16,4.1
2025-06-01,77,821,salgados,Coxinha de Frango,17.0,9.0,153.0,0.15,7.74
2025-06-01,78,1127,econômico,Omelete - Econômico,5.0,30.0,150.0,0.14,2.28
2025-06-01,79,1012,principal,Fígado Acebolado,3.0,46.0,138.0,0.13,1.37
2025-06-01,81,2004,adicional,Adicional Carne Econômico,8.0,15.0,120.0,0.12,3.64
2025-06-01,83,408,doces,Bolo de Laranja,16.0,7.0,112.0,0.11,7.29
2025-06-01,84,1021,principal,Parmegiana De Beringela,3.0,36.0,108.0,0.1,1.37
2025-06-01,89,1009,principal,Costela Bovina,2.0,48.0,96.0,0.09,0.91
2025-06-01,93,2011,principal,Strogonoff de Frango,2.0,44.0,88.0,0.08,0.91
2025-06-01,98,303,cafés,Carioca,10.0,7.5,75.0,0.07,4.56
2025-06-01,101,811,salgados,Pão na Chapa com Ovo,6.0,12.0,72.0,0.07,2.73
2025-06-01,101,212,bebidas,Suco Limonada Suíça,6.0,12.0,72.0,0.07,2.73
2025-06-01,110,500,tortas,Meia Torta,6.0,9.0,54.0,0.05,2.73
2025-06-01,112,307,cafés,Macciato,4.0,12.0,48.0,0.05,1.82
2025-06-01,115,204,bebidas,Schweppes Citrus,6.0,7.5,45.0,0.04,2.73
2025-06-01,119,1104,econômico,Bife a Rolê - Econômico,1.0,36.0,36.0,0.03,0.46
2025-06-01,123,205,bebidas,Água Tônica,4.0,7.5,30.0,0.03,1.82
2025-06-01,123,207,bebidas,Cerveja Long Neck,3.0,10.0,30.0,0.03,1.37
2025-06-01,132,2,embalagem,Embalagem Torta Un,27.0,1.0,27.0,0.03,12.3
2025-06-01,133,3,embalagem,Embalagem Quadrada,26.0,1.0,26.0,0.02,11.85
2025-06-01,139,808,salgados,Misto Quente,2.0,10.0,20.0,0.02,0.91
2025-06-01,151,802,salgados,Esfirra,2.0,8.0,16.0,0.02,0.91
2025-06-01,164,304,cafés,Carioca Duplo,1.0,12.0,12.0,0.01,0.46
2025-06-01,174,2002,adicional,Adicional Frango Econômico,1.0,10.0,10.0,0.01,0.46
2025-06-01,174,813,salgados,Tapioca,1.0,10.0,10.0,0.01,0.46
2025-06-01,174,824,salgados,Coxinha de Carne Seca com Catupiry,1.0,10.0,10.0,0.01,0.46
2025-07-01,1,1116,econômico,Filé De Tilápia - Econômico,320.0,46.0,14720.0,12.92,134.4
2025-07-01,2,1122,econômico,Parmegiana De Carne - Econômico,226.0,42.0,9492.0,8.33,94.92
2025-07-01,3,1111,econômico,Feijoada - Econômico,163.0,45.0,7335.0,6.44,68.46
2025-07-01,4,1124,econômico,Parmegiana De Frango - Econômico,136.0,40.0,5440.0,4.78,57.12
2025-07-01,5,301,cafés,Café Espresso,621.0,7.5,4657.5,4.09,260.81
2025-07-01,6,203,bebidas,Refrigerante,576.0,7.0,4032.0,3.54,241.92
2025-07-01,7,1125,econômico,Picadinho - Econômico,81.0,42.0,3402.0,2.99,34.02
2025-07-01,8,2010,econômico,Strogonoff de Carne Economico,80.0,42.0,3360.0,2.95,33.6
2025-07-01,9,1022,principal,Parmegiana De Carne,67.0,48.0,3216.0,2.82,28.14
2025-07-01,10,1016,principal,Filé De Tilápia,52.0,52.0,2704.0,2.37,21.84
2025-07-01,11,1102,econômico,Bife Acebolado - Econômico,64.0,42.0,2688.0,2.36,26.88
2025-07-01,12,1113,econômico,Frango Sobrecoxa - Econômico,69.0,38.0,2622.0,2.3,28.98
2025-07-01,13,1011,principal,Feijoada,43.0,50.0,2150.0,1.89,18.06
2025-07-01,14,402,doces,Bombom de Morango,185.0,10.0,1850.0,1.62,77.7
2025-07-01,15,1112,econômico,Fígado Acebolado - Econômico,46.0,40.0,1840.0,1.62,19.32
2025-07-01,16,1024,principal,Parmegiana De Frango,35.0,45.0,1575.0,1.38,14.7
2025-07-01,17,1108,econômico,Carne De Sol - Econômico,33.0,45.0,1485.0,1.3,13.86
2025-07-01,18,1114,econômico,Frango Grelhado - Econômico,38.0,38.0,1444.0,1.27,15.96
2025-07-01,19,201,bebidas,Água Com Gás,259.0,5.5,1424.5,1.25,108.78
2025-07-01,20,1117,econômico,Filé Mignon Suíno - Econômico,33.0,42.0,1386.0,1.22,13.86
2025-07-01,21,401,doces,Brigadeiro,248.0,5.5,1364.0,1.2,104.16
2025-07-01,22,510,tortas,Torta Kg,11.0,120.0,1320.0,1.16,4.62
2025-07-01,23,1120,econômico,Panqueca - Econômico,31.0,38.0,1178.0,1.03,13.02
2025-07-01,24,2012,econômico,Strogonoff de Frango Economico,29.0,38.0,1102.0,0.97,12.18
2025-07-01,25,506,tortas,Torta Alemã Doce de Leite e Paçoca,57.0,18.0,1026.0,0.9,23.94
2025-07-01,26,505,tortas,Torta Alemã Chocolate Meio Amargo,55.0,18.0,990.0,0.87,23.1
2025-07-01,27,1013,principal,Frango Sobrecoxa,22.0,44.0,968.0,0.85,9.24
2025-07-01,28,2009,principal,Strogonoff de Carne,20.0,48.0,960.0,0.84,8.4
2025-07-01,29,1123,econômico,Parmegiana De Filé Mignon - Econômico,19.0,49.0,931.0,0.82,7.98
2025-07-01,30,503,tortas,Torta Banoffee,50.0,18.0,900.0,0.79,21.0
2025-07-01,31,1118,econômico,Lagarto - Econômico,21.0,42.0,882.0,0.77,8.82
2025-07-01,32,1002,principal,Bife Acebolado,18.0,48.0,864.0,0.76,7.56
2025-07-01,33,210,bebidas,Suco de Laranja,85.0,10.0,850.0,0.75,35.7
2025-07-01,34,801,salgados,Empada,105.0,8.0,840.0,0.74,44.1
2025-07-01,35,1109,econômico,Costela Bovina - Econômico,19.0,42.0,798.0,0.7,7.98
2025-07-01,36,403,doces,Bombom de Nozes,114.0,6.5,741.0,0.65,47.88
2025-07-01,39,501,tortas,Torta de Brigadeiro Meio Amargo,37.0,18.0,666.0,0.58,15.54
2025-07-01,40,305,cafés,Capuccino,55.0,12.0,660.0,0.58,23.1
2025-07-01,41,1110,econômico,Costela Suína - Econômico,17.0,38.0,646.0,0.57,7.14
2025-07-01,41,1115,econômico,Frango Empanado - Econômico,17.0,38.0,646.0,0.57,7.14
2025-07-01,43,502,tortas,Torta de Morango,34.0,18.0,612.0,0.54,14.28
2025-07-01,46,211,bebidas,Suco de Limão,48.0,10.0,480.0,0.42,20.16
2025-07-01,47,1121,econômico,Parmegiana De Beringela - Econômico,14.0,32.0,448.0,0.39,5.88
2025-07-01,48,1025,principal,Picadinho,9.0,48.0,432.0,0.38,3.78
2025-07-01,50,1104,econômico,Bife a Rolê - Econômico,10.0,42.0,420.0,0.37,4.2
2025-07-01,51,2018,salgados,Salgados,33.0,12.0,396.0,0.35,13.86
2025-07-01,52,822,salgados,Coxinha de Frango com Catupiry,38.0,10.0,380.0,0.33,15.96
2025-07-01,53,404,doces,Palha Italiana,36.0,10.0,360.0,0.32,15.12
2025-07-01,54,1014,principal,Frango Grelhado,8.0,44.0,352.0,0.31,3.36
2025-07-01,55,406,doces,Pudim,42.0,8.0,336.0,0.3,17.64
2025-07-01,55,1018,principal,Lagarto,7.0,48.0,336.0,0.3,2.94
2025-07-01,58,821,salgados,Coxinha de Frango,32.0,9.0,288.0,0.25,13.44
2025-07-01,59,809,salgados,Pão na Chapa,28.0,10.0,280.0,0.25,11.76
2025-07-01,61,405,doces,Petit Four,32.0,8.5,272.0,0.24,13.44
2025-07-01,62,2011,principal,Strogonoff de Frango,6.0,44.0,264.0,0.23,2.52
2025-07-01,63,208,bebidas,Cerveja 600mL,15.0,17.0,255.0,0.22,6.3
2025-07-01,67,1012,principal,Fígado Acebolado,5.0,46.0,230.0,0.2,2.1
2025-07-01,68,1,embalagem,Embalagem Marmita,56.0,4.0,224.0,0.2,23.52
2025-07-01,68,408,doces,Bolo de Laranja,32.0,7.0,224.0,0.2,13.44
2025-07-01,70,202,bebidas,Água Sem Gás,43.0,5.0,215.0,0.19,18.06
2025-07-01,72,1105,econômico,Bife Empanado - Econômico,5.0,42.0,210.0,0.18,2.1
2025-07-01,73,206,bebidas,H2O,26.0,8.0,208.0,0.18,10.92
2025-07-01,76,1017,principal,Filé Mignon Suíno,4.0,48.0,192.0,0.17,1.68
2025-07-01,78,2001,adicional,Adicional Ovo Frito,49.0,3.5,171.5,0.15,20.58
2025-07-01,81,1008,principal,Carne De Sol,3.0,50.0,150.0,0.13,1.26
2025-07-01,83,500,tortas,Meia Torta,16.0,9.0,144.0,0.13,6.72
2025-07-01,85,1119,econômico,Moqueca De Tilápia - Econômico,3.0,46.0,138.0,0.12,1.26
2025-07-01,87,1015,principal,Frango Empanado,3.0,44.0,132.0,0.12,1.26
2025-07-01,91,1021,principal,Parmegiana De Beringela,3.0,36.0,108.0,0.09,1.26
2025-07-01,95,1009,principal,Costela Bovina,2.0,48.0,96.0,0.08,0.84
2025-07-01,95,307,cafés,Macciato,8.0,12.0,96.0,0.08,3.36
2025-07-01,101,1127,econômico,Omelete - Econômico,3.0,30.0,90.0,0.08,1.26
2025-07-01,106,212,bebidas,Suco Limonada Suíça,6.0,12.0,72.0,0.06,2.52
2025-07-01,110,204,bebidas,Schweppes Citrus,9.0,7.5,67.5,0.06,3.78
2025-07-01,116,1023,principal,Parmegiana De Filé Mignon,1.0,55.0,55.0,0.05,0.42
2025-07-01,116,2015,doces,Pudim kg,1.1,50.0,55.0,0.05,0.46
2025-07-01,118,2,embalagem,Embalagem Torta Un,53.0,1.0,53.0,0.05,22.26
2025-07-01,119,303,cafés,Carioca,7.0,7.5,52.5,0.05,2.94
2025-07-01,120,302,cafés,Café Espresso Duplo,4.0,12.0,48.0,0.04,1.68
2025-07-01,120,1004,principal,Bife a Rolê,1.0,48.0,48.0,0.04,0.42
2025-07-01,120,1005,principal,Bife Empanado,1.0,48.0,48.0,0.04,0.42
2025-07-01,130,207,bebidas,Cerveja Long Neck,4.0,10.0,40.0,0.04,1.68
2025-07-01,132,504,tortas,Torta Cheesecake de Frutas Vermelhas,2.0,18.0,36.0,0.03,0.84
2025-07-01,132,1027,principal,Omelete,1.0,36.0,36.0,0.03,0.42
2025-07-01,137,205,bebidas,Água Tônica,4.0,7.5,30.0,0.03,1.68
2025-07-01,137,824,salgados,Coxinha de Carne Seca com Catupiry,3.0,10.0,30.0,0.03,1.26
2025-07-01,141,310,cafés,Café Coado,3.0,9.0,27.0,0.02,1.26
2025-07-01,147,3,embalagem,Embalagem Quadrada,23.0,1.0,23.0,0.02,9.66
2025-07-01,154,808,salgados,Misto Quente,2.0,10.0,20.0,0.02,0.84
2025-07-01,163,2016,tortas,Bolo no Pote,1.0,18.0,18.0,0.02,0.42
2025-07-01,170,802,salgados,Esfirra,2.0,8.0,16.0,0.01,0.84
2025-07-01,188,304,cafés,Carioca Duplo,1.0,12.0,12.0,0.01,0.42
2025-07-01,202,2002,adicional,Adicional Frango Econômico,1.0,10.0,10.0,0.01,0.42
2025-07-01,247,2008,adicional,Adicional Acompanhamento,1.0,4.0,4.0,0.0,0.42
2025-08-01,1,1116,econômico,Filé De Tilápia - Econômico,174.0,46.9,8160.6,7.85,80.71
2025-08-01,2,1122,econômico,Parmegiana De Carne - Econômico,155.0,42.9,6649.5,6.39,71.89
2025-08-01,3,1111,econômico,Feijoada - Econômico,117.0,45.9,5370.3,5.16,54.27
2025-08-01,4,1116,econômico,Filé De Tilápia - Econômico,102.0,46.0,4692.0,4.51,47.31
2025-08-01,5,1111,econômico,Feijoada - Econômico,86.0,45.0,3870.0,3.72,39.89
2025-08-01,6,1124,econômico,Parmegiana De Frango - Econômico,77.0,40.9,3149.3,3.03,35.71
2025-08-01,7,301,cafés,Café Espresso,351.0,8.0,2808.0,2.7,162.8
2025-08-01,8,2010,econômico,Strogonoff de Carne Economico,61.0,42.9,2616.9,2.52,28.29
2025-08-01,9,203,bebidas,Refrigerante,324.0,7.5,2430.0,2.34,150.28
2025-08-01,10,1102,econômico,Bife Acebolado - Econômico,46.0,42.9,1973.4,1.9,21.34
2025-08-01,11,1122,econômico,Parmegiana De Carne - Econômico,46.0,42.0,1932.0,1.86,21.34
2025-08-01,12,1113,econômico,Frango Sobrecoxa - Econômico,49.0,38.9,1906.1,1.83,22.73
2025-08-01,13,1113,econômico,Frango Sobrecoxa - Econômico,42.0,38.0,1596.0,1.53,19.48
2025-08-01,14,301,cafés,Café Espresso,210.0,7.5,1575.0,1.51,97.4
2025-08-01,15,1011,principal,Feijoada,30.0,50.9,1527.0,1.47,13.91
2025-08-01,16,1125,econômico,Picadinho - Econômico,34.0,42.9,1458.6,1.4,15.77
2025-08-01,17,201,bebidas,Água Com Gás,260.0,5.5,1430.0,1.37,120.59
2025-08-01,18,1016,principal,Filé De Tilápia,26.0,52.9,1375.4,1.32,12.06
2025-08-01,19,2010,econômico,Strogonoff de Carne Economico,32.0,42.0,1344.0,1.29,14.84
2025-08-01,20,1124,econômico,Parmegiana De Frango - Econômico,33.0,40.0,1320.0,1.27,15.31
2025-08-01,21,1102,econômico,Bife Acebolado - Econômico,31.0,42.0,1302.0,1.25,14.38
2025-08-01,22,1016,principal,Filé De Tilápia,25.0,52.0,1300.0,1.25,11.6
2025-08-01,23,1022,principal,Parmegiana De Carne,26.0,48.9,1271.4,1.22,12.06
2025-08-01,24,1112,econômico,Fígado Acebolado - Econômico,30.0,40.9,1227.0,1.18,13.91
2025-08-01,25,203,bebidas,Refrigerante,167.0,7.0,1169.0,1.12,77.46
2025-08-01,26,402,doces,Bombom de Morango,97.0,12.0,1164.0,1.12,44.99
2025-08-01,27,510,tortas,Torta Kg,8.2,120.0,984.0,0.95,3.8
2025-08-01,28,1011,principal,Feijoada,19.0,50.0,950.0,0.91,8.81
2025-08-01,29,1022,principal,Parmegiana De Carne,18.0,48.0,864.0,0.83,8.35
2025-08-01,29,2018,salgados,Salgados,72.0,12.0,864.0,0.83,33.4
2025-08-01,31,1114,econômico,Frango Grelhado - Econômico,22.0,38.9,855.8,0.82,10.2
2025-08-01,32,210,bebidas,Suco de Laranja,83.0,10.0,830.0,0.8,38.5
2025-08-01,33,2012,econômico,Strogonoff de Frango Economico,21.0,38.0,798.0,0.77,9.74
2025-08-01,34,1118,econômico,Lagarto - Econômico,17.0,42.0,714.0,0.69,7.88
2025-08-01,35,503,tortas,Torta Banoffee,34.0,20.0,680.0,0.65,15.77
2025-08-01,36,1013,principal,Frango Sobrecoxa,15.0,44.9,673.5,0.65,6.96
2025-08-01,37,1109,econômico,Costela Bovina - Econômico,15.0,42.9,643.5,0.62,6.96
2025-08-01,38,402,doces,Bombom de Morango,64.0,10.0,640.0,0.62,29.68
2025-08-01,39,1108,econômico,Carne De Sol - Econômico,14.0,45.0,630.0,0.61,6.49
2025-08-01,40,401,doces,Brigadeiro,96.0,6.5,624.0,0.6,44.53
2025-08-01,41,2012,econômico,Strogonoff de Frango Economico,16.0,38.9,622.4,0.6,7.42
2025-08-01,42,801,salgados,Empada,77.0,8.0,616.0,0.59,35.71
2025-08-01,43,211,bebidas,Suco de Limão,61.0,10.0,610.0,0.59,28.29
2025-08-01,44,1110,econômico,Costela Suína - Econômico,16.0,38.0,608.0,0.58,7.42
2025-08-01,45,1024,principal,Parmegiana De Frango,13.0,45.9,596.7,0.57,6.03
2025-08-01,46,501,tortas,Torta de Brigadeiro Meio Amargo,29.0,20.0,580.0,0.56,13.45
2025-08-01,47,2001,adicional,Adicional Ovo Frito,165.0,3.5,577.5,0.56,76.53
2025-08-01,48,1107,econômico,Carne Assada - Econômico,13.0,42.9,557.7,0.54,6.03
2025-08-01,49,1110,econômico,Costela Suína - Econômico,14.0,38.9,544.6,0.52,6.49
2025-08-01,49,1120,econômico,Panqueca - Econômico,14.0,38.9,544.6,0.52,6.49
2025-08-01,51,506,tortas,Torta Alemã Doce de Leite e Paçoca,27.0,20.0,540.0,0.52,12.52
2025-08-01,52,1002,principal,Bife Acebolado,11.0,48.0,528.0,0.51,5.1
2025-08-01,53,822,salgados,Coxinha de Frango com Catupiry,49.0,10.0,490.0,0.47,22.73
2025-08-01,54,2009,principal,Strogonoff de Carne,10.0,48.9,489.0,0.47,4.64
2025-08-01,55,1013,principal,Frango Sobrecoxa,11.0,44.0,484.0,0.47,5.1
2025-08-01,57,208,bebidas,Cerveja 600mL,26.0,17.0,442.0,0.43,12.06
2025-08-01,59,1118,econômico,Lagarto - Econômico,10.0,42.9,429.0,0.41,4.64
2025-08-01,60,401,doces,Brigadeiro,74.0,5.5,407.0,0.39,34.32
2025-08-01,62,505,tortas,Torta Alemã Chocolate Meio Amargo,18.0,20.0,360.0,0.35,8.35
2025-08-01,63,403,doces,Bombom de Nozes,49.0,7.0,343.0,0.33,22.73
2025-08-01,64,1114,econômico,Frango Grelhado - Econômico,9.0,38.0,342.0,0.33,4.17
2025-08-01,64,503,tortas,Torta Banoffee,19.0,18.0,342.0,0.33,8.81
2025-08-01,66,1104,econômico,Bife a Rolê - Econômico,8.0,42.0,336.0,0.32,3.71
2025-08-01,67,1020,principal,Panqueca,7.0,44.9,314.3,0.3,3.25
2025-08-01,67,2011,principal,Strogonoff de Frango,7.0,44.9,314.3,0.3,3.25
2025-08-01,69,1104,econômico,Bife a Rolê - Econômico,7.0,42.9,300.3,0.29,3.25
2025-08-01,70,1025,principal,Picadinho,6.0,48.9,293.4,0.28,2.78
2025-08-01,71,501,tortas,Torta de Brigadeiro Meio Amargo,16.0,18.0,288.0,0.28,7.42
2025-08-01,72,821,salgados,Coxinha de Frango,31.0,9.0,279.0,0.27,14.38
2025-08-01,74,1024,principal,Parmegiana De Frango,6.0,45.0,270.0,0.26,2.78
2025-08-01,75,1,embalagem,Embalagem Marmita,67.0,4.0,268.0,0.26,31.08
2025-08-01,77,405,doces,Petit Four,27.0,9.5,256.5,0.25,12.52
2025-08-01,79,1009,principal,Costela Bovina,5.0,48.9,244.5,0.24,2.32
2025-08-01,80,3,embalagem,Embalagem Quadrada,243.0,1.0,243.0,0.23,112.71
2025-08-01,81,1012,principal,Fígado Acebolado,5.0,46.0,230.0,0.22,2.32
2025-08-01,82,404,doces,Palha Italiana,22.0,10.0,220.0,0.21,10.2
2025-08-01,83,506,tortas,Torta Alemã Doce de Leite e Paçoca,12.0,18.0,216.0,0.21,5.57
2025-08-01,83,408,doces,Bolo de Laranja,27.0,8.0,216.0,0.21,12.52
2025-08-01,85,202,bebidas,Água Sem Gás,43.0,5.0,215.0,0.21,19.94
2025-08-01,86,809,salgados,Pão na Chapa,20.0,10.0,200.0,0.19,9.28
2025-08-01,86,1112,econômico,Fígado Acebolado - Econômico,5.0,40.0,200.0,0.19,2.32
2025-08-01,88,505,tortas,Torta Alemã Chocolate Meio Amargo,11.0,18.0,198.0,0.19,5.1
2025-08-01,89,1018,principal,Lagarto,4.0,48.0,192.0,0.18,1.86
2025-08-01,90,406,doces,Pudim,20.0,9.5,190.0,0.18,9.28
2025-08-01,91,305,cafés,Capuccino,13.0,14.0,182.0,0.18,6.03
2025-08-01,94,403,doces,Bombom de Nozes,26.0,6.5,169.0,0.16,12.06
2025-08-01,98,1121,econômico,Parmegiana De Beringela - Econômico,5.0,32.9,164.5,0.16,2.32
2025-08-01,100,206,bebidas,H2O,19.0,8.5,161.5,0.16,8.81
2025-08-01,101,303,cafés,Carioca,20.0,8.0,160.0,0.15,9.28
2025-08-01,104,404,doces,Palha Italiana,13.0,12.0,156.0,0.15,6.03
2025-08-01,107,1002,principal,Bife Acebolado,3.0,48.9,146.7,0.14,1.39
2025-08-01,108,2009,principal,Strogonoff de Carne,3.0,48.0,144.0,0.14,1.39
2025-08-01,108,305,cafés,Capuccino,12.0,12.0,144.0,0.14,5.57
2025-08-01,112,1012,principal,Fígado Acebolado,3.0,46.9,140.7,0.14,1.39
2025-08-01,113,502,tortas,Torta de Morango,7.0,20.0,140.0,0.13,3.25
2025-08-01,114,1014,principal,Frango Grelhado,3.0,44.9,134.7,0.13,1.39
2025-08-01,115,2011,principal,Strogonoff de Frango,3.0,44.0,132.0,0.13,1.39
2025-08-01,117,2,embalagem,Embalagem Torta Un,128.0,1.0,128.0,0.12,59.37
2025-08-01,118,502,tortas,Torta de Morango,7.0,18.0,126.0,0.12,3.25
2025-08-01,121,808,salgados,Misto Quente,12.0,10.0,120.0,0.12,5.57
2025-08-01,123,405,doces,Petit Four,14.0,8.5,119.0,0.11,6.49
2025-08-01,125,1008,principal,Carne De Sol,2.0,50.0,100.0,0.1,0.93
2025-08-01,128,302,cafés,Café Espresso Duplo,8.0,12.0,96.0,0.09,3.71
2025-08-01,133,204,bebidas,Schweppes Citrus,10.0,8.0,80.0,0.08,4.64
2025-08-01,133,406,doces,Pudim,10.0,8.0,80.0,0.08,4.64
2025-08-01,137,302,cafés,Café Espresso Duplo,5.0,14.0,70.0,0.07,2.32
2025-08-01,137,408,doces,Bolo de Laranja,10.0,7.0,70.0,0.07,4.64
2025-08-01,140,206,bebidas,H2O,8.0,8.0,64.0,0.06,3.71
2025-08-01,140,1121,econômico,Parmegiana De Beringela - Econômico,2.0,32.0,64.0,0.06,0.93
2025-08-01,144,1127,econômico,Omelete - Econômico,2.0,30.9,61.8,0.06,0.93
2025-08-01,146,1127,econômico,Omelete - Econômico,2.0,30.0,60.0,0.06,0.93
2025-08-01,146,500,tortas,Meia Torta,6.0,10.0,60.0,0.06,2.78
2025-08-01,153,1004,principal,Bife a Rolê,1.0,48.9,48.9,0.05,0.46
2025-08-01,153,1007,principal,Carne Assada,1.0,48.9,48.9,0.05,0.46
2025-08-01,156,303,cafés,Carioca,6.0,7.5,45.0,0.04,2.78
2025-08-01,157,1010,principal,Costela Suína,1.0,44.9,44.9,0.04,0.46
2025-08-01,158,1010,principal,Costela Suína,1.0,44.0,44.0,0.04,0.46
2025-08-01,160,207,bebidas,Cerveja Long Neck,4.0,10.0,40.0,0.04,1.86
2025-08-01,164,500,tortas,Meia Torta,4.0,9.0,36.0,0.03,1.86
2025-08-01,175,824,salgados,Coxinha de Carne Seca com Catupiry,3.0,10.0,30.0,0.03,1.39
2025-08-01,194,205,bebidas,Água Tônica,3.0,8.0,24.0,0.02,1.39
2025-08-01,199,204,bebidas,Schweppes Citrus,3.0,7.5,22.5,0.02,1.39
2025-08-01,211,504,tortas,Torta Cheesecake de Frutas Vermelhas,1.0,20.0,20.0,0.02,0.46
2025-08-01,230,2004,adicional,Adicional Carne Econômico,1.0,15.0,15.0,0.01,0.46
2025-08-01,237,304,cafés,Carioca Duplo,1.0,14.0,14.0,0.01,0.46
2025-08-01,248,212,bebidas,Suco Limonada Suíça,1.0,12.0,12.0,0.01,0.46
2025-08-01,262,2002,adicional,Adicional Frango Econômico,1.0,10.0,10.0,0.01,0.46
2025-08-01,284,802,salgados,Esfirra,1.0,8.0,8.0,0.01,0.46
2025-08-01,293,205,bebidas,Água Tônica,1.0,7.5,7.5,0.01,0.46
2025-09-01,1,1116,econômico,Filé De Tilápia - Econômico,329.0,46.9,15430.1,13.97,144.74
2025-09-01,2,1111,econômico,Feijoada - Econômico,174.0,45.9,7986.6,7.23,76.55
2025-09-01,3,1122,econômico,Parmegiana De Carne - Econômico,182.0,42.9,7807.8,7.07,80.07
2025-09-01,4,1124,econômico,Parmegiana De Frango - Econômico,110.0,40.9,4499.0,4.07,48.39
2025-09-01,5,301,cafés,Café Espresso,537.0,8.0,4296.0,3.89,236.25
2025-09-01,6,203,bebidas,Refrigerante,566.0,7.5,4245.0,3.84,249.01
2025-09-01,7,1102,econômico,Bife Acebolado - Econômico,96.0,42.9,4118.4,3.73,42.23
2025-09-01,8,1022,principal,Parmegiana De Carne,70.0,48.9,3423.0,3.1,30.8
2025-09-01,9,2010,econômico,Strogonoff de Carne Economico,75.0,42.9,3217.5,2.91,33.0
2025-09-01,10,1125,econômico,Picadinho - Econômico,72.0,42.9,3088.8,2.8,31.68
2025-09-01,11,1113,econômico,Frango Sobrecoxa - Econômico,70.0,38.9,2723.0,2.46,30.8
2025-09-01,12,1016,principal,Filé De Tilápia,50.0,52.9,2645.0,2.39,22.0
2025-09-01,13,1011,principal,Feijoada,36.0,50.9,1832.4,1.66,15.84
2025-09-01,14,201,bebidas,Água Com Gás,298.0,5.5,1639.0,1.48,131.1
2025-09-01,15,1112,econômico,Fígado Acebolado - Econômico,39.0,40.9,1595.1,1.44,17.16
2025-09-01,16,506,tortas,Torta Alemã Doce de Leite e Paçoca,71.0,20.0,1420.0,1.29,31.24
2025-09-01,17,510,tortas,Torta Kg,11.2,120.0,1344.0,1.22,4.93
2025-09-01,18,1024,principal,Parmegiana De Frango,29.0,45.9,1331.1,1.2,12.76
2025-09-01,19,402,doces,Bombom de Morango,107.0,12.0,1284.0,1.16,47.07
2025-09-01,20,1114,econômico,Frango Grelhado - Econômico,33.0,38.9,1283.7,1.16,14.52
2025-09-01,21,1108,econômico,Carne De Sol - Econômico,27.0,45.9,1239.3,1.12,11.88
2025-09-01,22,401,doces,Brigadeiro,180.0,6.5,1170.0,1.06,79.19
2025-09-01,23,1013,principal,Frango Sobrecoxa,23.0,44.9,1032.7,0.93,10.12
2025-09-01,24,1117,econômico,Filé Mignon Suíno - Econômico,24.0,42.9,1029.6,0.93,10.56
2025-09-01,25,1002,principal,Bife Acebolado,20.0,48.9,978.0,0.89,8.8
2025-09-01,26,1110,econômico,Costela Suína - Econômico,24.0,38.9,933.6,0.85,10.56
2025-09-01,27,210,bebidas,Suco de Laranja,91.0,10.0,910.0,0.82,40.04
2025-09-01,28,2012,econômico,Strogonoff de Frango Economico,21.0,38.9,816.9,0.74,9.24
2025-09-01,29,2018,salgados,Salgados,66.0,12.0,792.0,0.72,29.04
2025-09-01,30,1109,econômico,Costela Bovina - Econômico,18.0,42.9,772.2,0.7,7.92
2025-09-01,31,801,salgados,Empada,93.0,8.0,744.0,0.67,40.92
2025-09-01,32,501,tortas,Torta de Brigadeiro Meio Amargo,37.0,20.0,740.0,0.67,16.28
2025-09-01,33,1107,econômico,Carne Assada - Econômico,17.0,42.9,729.3,0.66,7.48
2025-09-01,35,211,bebidas,Suco de Limão,65.0,10.0,650.0,0.59,28.6
2025-09-01,36,503,tortas,Torta Banoffee,32.0,20.0,640.0,0.58,14.08
2025-09-01,37,1012,principal,Fígado Acebolado,13.0,46.9,609.7,0.55,5.72
2025-09-01,38,1101,econômico,Almôndega - Econômico,15.0,38.9,583.5,0.53,6.6
2025-09-01,40,822,salgados,Coxinha de Frango com Catupiry,56.0,10.0,560.0,0.51,24.64
2025-09-01,42,1104,econômico,Bife a Rolê - Econômico,13.0,42.9,557.7,0.5,5.72
2025-09-01,43,505,tortas,Torta Alemã Chocolate Meio Amargo,26.0,20.0,520.0,0.47,11.44
2025-09-01,44,1115,econômico,Frango Empanado - Econômico,13.0,38.9,505.7,0.46,5.72
2025-09-01,45,404,doces,Palha Italiana,40.0,12.0,480.0,0.43,17.6
2025-09-01,46,403,doces,Bombom de Nozes,65.0,7.0,455.0,0.41,28.6
2025-09-01,48,1025,principal,Picadinho,9.0,48.9,440.1,0.4,3.96
2025-09-01,50,1014,principal,Frango Grelhado,9.0,44.9,404.1,0.37,3.96
2025-09-01,51,502,tortas,Torta de Morango,20.0,20.0,400.0,0.36,8.8
2025-09-01,52,2009,principal,Strogonoff de Carne,8.0,48.9,391.2,0.35,3.52
2025-09-01,53,1105,econômico,Bife Empanado - Econômico,9.0,42.9,386.1,0.35,3.96
2025-09-01,55,406,doces,Pudim,39.0,9.5,370.5,0.34,17.16
2025-09-01,56,1106,econômico,Bisteca Suína - Econômico,10.0,36.9,369.0,0.33,4.4
2025-09-01,56,821,salgados,Coxinha de Frango,41.0,9.0,369.0,0.33,18.04
2025-09-01,58,1118,econômico,Lagarto - Econômico,8.0,42.9,343.2,0.31,3.52
2025-09-01,60,302,cafés,Café Espresso Duplo,24.0,14.0,336.0,0.3,10.56
2025-09-01,62,1121,econômico,Parmegiana De Beringela - Econômico,10.0,32.9,329.0,0.3,4.4
2025-09-01,64,202,bebidas,Água Sem Gás,65.0,5.0,325.0,0.29,28.6
2025-09-01,65,1015,principal,Frango Empanado,7.0,44.9,314.3,0.28,3.08
2025-09-01,66,1008,principal,Carne De Sol,6.0,50.9,305.4,0.28,2.64
2025-09-01,67,2011,principal,Strogonoff de Frango,6.0,44.9,269.4,0.24,2.64
2025-09-01,67,1010,principal,Costela Suína,6.0,44.9,269.4,0.24,2.64
2025-09-01,69,208,bebidas,Cerveja 600mL,15.0,17.0,255.0,0.23,6.6
2025-09-01,73,1,embalagem,Embalagem Marmita,59.0,4.0,236.0,0.21,25.96
2025-09-01,74,405,doces,Petit Four,24.0,9.5,228.0,0.21,10.56
2025-09-01,75,809,salgados,Pão na Chapa,22.0,10.0,220.0,0.2,9.68
2025-09-01,76,408,doces,Bolo de Laranja,27.0,8.0,216.0,0.2,11.88
2025-09-01,77,305,cafés,Capuccino,15.0,14.0,210.0,0.19,6.6
2025-09-01,83,206,bebidas,H2O,20.0,8.5,170.0,0.15,8.8
2025-09-01,84,1127,econômico,Omelete - Econômico,5.0,30.9,154.5,0.14,2.2
2025-09-01,86,1017,principal,Filé Mignon Suíno,3.0,48.9,146.7,0.13,1.32
2025-09-01,87,303,cafés,Carioca,17.0,8.0,136.0,0.12,7.48
2025-09-01,91,2001,adicional,Adicional Ovo Frito,33.0,3.5,115.5,0.1,14.52
2025-09-01,93,205,bebidas,Água Tônica,14.0,8.0,112.0,0.1,6.16
2025-09-01,94,1009,principal,Costela Bovina,2.0,48.9,97.8,0.09,0.88
2025-09-01,94,1005,principal,Bife Empanado,2.0,48.9,97.8,0.09,0.88
2025-09-01,96,212,bebidas,Suco Limonada Suíça,8.0,12.0,96.0,0.09,3.52
2025-09-01,99,1001,principal,Almôndega,2.0,44.9,89.8,0.08,0.88
2025-09-01,101,204,bebidas,Schweppes Citrus,11.0,8.0,88.0,0.08,4.84
2025-09-01,102,1006,principal,Bisteca Suína,2.0,42.9,85.8,0.08,0.88
2025-09-01,104,2015,doces,Pudim kg,1.2,70.0,84.0,0.08,0.53
2025-09-01,110,304,cafés,Carioca Duplo,4.0,14.0,56.0,0.05,1.76
2025-09-01,111,808,salgados,Misto Quente,5.0,10.0,50.0,0.05,2.2
2025-09-01,111,824,salgados,Coxinha de Carne Seca com Catupiry,5.0,10.0,50.0,0.05,2.2
2025-09-01,114,1018,principal,Lagarto,1.0,48.9,48.9,0.04,0.44
2025-09-01,122,2,embalagem,Embalagem Torta Un,30.0,1.0,30.0,0.03,13.2
2025-09-01,122,310,cafés,Café Coado,3.0,10.0,30.0,0.03,1.32
2025-09-01,122,3,embalagem,Embalagem Quadrada,30.0,1.0,30.0,0.03,13.2
2025-09-01,144,207,bebidas,Cerveja Long Neck,2.0,10.0,20.0,0.02,0.88
2025-09-01,144,500,tortas,Meia Torta,2.0,10.0,20.0,0.02,0.88
2025-09-01,144,504,tortas,Torta Cheesecake de Frutas Vermelhas,1.0,20.0,20.0,0.02,0.44
2025-09-01,165,812,salgados,Pão na Chapa com Ovo e Requeijão,1.0,14.0,14.0,0.01,0.44
2025-09-01,188,407,doces,Quindim,1.0,10.0,10.0,0.01,0.44
2025-09-01,188,813,salgados,Tapioca,1.0,10.0,10.0,0.01,0.44
2025-09-01,253,2008,adicional,Adicional Acompanhamento,1.0,4.0,4.0,0.0,0.44
2025-10-01,1,1116,econômico,Filé De Tilápia - Econômico,271.0,47.9,12980.9,11.88,118.08
2025-10-01,2,1122,econômico,Parmegiana De Carne - Econômico,256.0,43.9,11238.4,10.28,111.55
2025-10-01,3,1111,econômico,Feijoada - Econômico,178.0,46.9,8348.2,7.64,77.56
2025-10-01,4,1124,econômico,Parmegiana De Frango - Econômico,99.0,41.9,4148.1,3.8,43.14
2025-10-01,5,203,bebidas,Refrigerante,551.0,7.5,4132.5,3.78,240.09
2025-10-01,6,301,cafés,Café Espresso,493.0,8.0,3944.0,3.61,214.81
2025-10-01,7,1102,econômico,Bife Acebolado - Econômico,78.0,43.9,3424.2,3.13,33.99
2025-10-01,8,1022,principal,Parmegiana De Carne,67.0,49.9,3343.3,3.06,29.19
2025-10-01,9,1108,econômico,Carne De Sol - Econômico,71.0,46.9,3329.9,3.05,30.94
2025-10-01,10,1114,econômico,Frango Grelhado - Econômico,75.0,39.9,2992.5,2.74,32.68
2025-10-01,11,1125,econômico,Picadinho - Econômico,59.0,43.9,2590.1,2.37,25.71
2025-10-01,12,1011,principal,Feijoada,49.0,51.9,2543.1,2.33,21.35
2025-10-01,13,1016,principal,Filé De Tilápia,43.0,53.9,2317.7,2.12,18.74
2025-10-01,14,1113,econômico,Frango Sobrecoxa - Econômico,47.0,39.9,1875.3,1.72,20.48
2025-10-01,15,201,bebidas,Água Com Gás,285.0,5.5,1567.5,1.43,124.18
2025-10-01,16,402,doces,Bombom de Morango,122.0,12.0,1464.0,1.34,53.16
2025-10-01,17,2010,econômico,Strogonoff de Carne Economico,32.0,43.9,1404.8,1.29,13.94
2025-10-01,18,2018,salgados,Salgados,103.0,12.0,1236.0,1.13,44.88
2025-10-01,19,401,doces,Brigadeiro,190.0,6.5,1235.0,1.13,82.79
2025-10-01,20,1112,econômico,Fígado Acebolado - Econômico,29.0,41.9,1215.1,1.11,12.64
2025-10-01,21,1024,principal,Parmegiana De Frango,25.0,46.9,1172.5,1.07,10.89
2025-10-01,22,506,tortas,Torta Alemã Doce de Leite e Paçoca,52.0,20.0,1040.0,0.95,22.66
2025-10-01,23,503,tortas,Torta Banoffee,51.0,20.0,1020.0,0.93,22.22
2025-10-01,24,501,tortas,Torta de Brigadeiro Meio Amargo,45.0,20.0,900.0,0.82,19.61
2025-10-01,25,801,salgados,Empada,110.0,8.0,880.0,0.81,47.93
2025-10-01,26,1104,econômico,Bife a Rolê - Econômico,20.0,43.9,878.0,0.8,8.71
2025-10-01,27,2012,econômico,Strogonoff de Frango Economico,22.0,39.9,877.8,0.8,9.59
2025-10-01,28,210,bebidas,Suco de Laranja,83.0,10.0,830.0,0.76,36.17
2025-10-01,29,1008,principal,Carne De Sol,15.0,51.9,778.5,0.71,6.54
2025-10-01,30,505,tortas,Torta Alemã Chocolate Meio Amargo,36.0,20.0,720.0,0.66,15.69
2025-10-01,30,822,salgados,Coxinha de Frango com Catupiry,72.0,10.0,720.0,0.66,31.37
2025-10-01,32,208,bebidas,Cerveja 600mL,42.0,17.0,714.0,0.65,18.3
2025-10-01,33,1109,econômico,Costela Bovina - Econômico,16.0,43.9,702.4,0.64,6.97
2025-10-01,34,510,tortas,Torta Kg,5.8,120.0,696.0,0.64,2.53
2025-10-01,35,404,doces,Palha Italiana,53.0,12.0,636.0,0.58,23.09
2025-10-01,37,1106,econômico,Bisteca Suína - Econômico,16.0,37.9,606.4,0.55,6.97
2025-10-01,38,211,bebidas,Suco de Limão,60.0,10.0,600.0,0.55,26.14
2025-10-01,39,1002,principal,Bife Acebolado,12.0,49.9,598.8,0.55,5.23
2025-10-01,40,1120,econômico,Panqueca - Econômico,15.0,39.9,598.5,0.55,6.54
2025-10-01,41,1013,principal,Frango Sobrecoxa,13.0,45.9,596.7,0.55,5.66
2025-10-01,43,1121,econômico,Parmegiana De Beringela - Econômico,17.0,33.9,576.3,0.53,7.41
2025-10-01,45,1014,principal,Frango Grelhado,10.0,45.9,459.0,0.42,4.36
2025-10-01,46,2009,principal,Strogonoff de Carne,9.0,49.9,449.1,0.41,3.92
2025-10-01,48,406,doces,Pudim,44.0,9.5,418.0,0.38,19.17
2025-10-01,49,403,doces,Bombom de Nozes,59.0,7.0,413.0,0.38,25.71
2025-10-01,50,821,salgados,Coxinha de Frango,45.0,9.0,405.0,0.37,19.61
2025-10-01,51,1115,econômico,Frango Empanado - Econômico,10.0,39.9,399.0,0.37,4.36
2025-10-01,52,302,cafés,Café Espresso Duplo,28.0,14.0,392.0,0.36,12.2
2025-10-01,53,202,bebidas,Água Sem Gás,74.0,5.0,370.0,0.34,32.24
2025-10-01,55,1107,econômico,Carne Assada - Econômico,8.0,43.9,351.2,0.32,3.49
2025-10-01,56,502,tortas,Torta de Morango,17.0,20.0,340.0,0.31,7.41
2025-10-01,57,1012,principal,Fígado Acebolado,7.0,47.9,335.3,0.31,3.05
2025-10-01,60,1025,principal,Picadinho,6.0,49.9,299.4,0.27,2.61
2025-10-01,61,408,doces,Bolo de Laranja,37.0,8.0,296.0,0.27,16.12
2025-10-01,64,2015,doces,Pudim kg,3.7,70.0,259.0,0.24,1.61
2025-10-01,67,1,embalagem,Embalagem Marmita,57.0,4.0,228.0,0.21,24.84
2025-10-01,68,809,salgados,Pão na Chapa,22.0,10.0,220.0,0.2,9.59
2025-10-01,71,305,cafés,Capuccino,15.0,14.0,210.0,0.19,6.54
2025-10-01,72,1110,econômico,Costela Suína - Econômico,5.0,39.9,199.5,0.18,2.18
2025-10-01,73,2001,adicional,Adicional Ovo Frito,55.0,3.5,192.5,0.18,23.97
2025-10-01,74,1127,econômico,Omelete - Econômico,6.0,31.9,191.4,0.18,2.61
2025-10-01,77,1020,principal,Panqueca,4.0,45.9,183.6,0.17,1.74
2025-10-01,77,1015,principal,Frango Empanado,4.0,45.9,183.6,0.17,1.74
2025-10-01,79,405,doces,Petit Four,19.0,9.5,180.5,0.17,8.28
2025-10-01,80,212,bebidas,Suco Limonada Suíça,15.0,12.0,180.0,0.16,6.54
2025-10-01,82,3,embalagem,Embalagem Quadrada,170.0,1.0,170.0,0.16,74.07
2025-10-01,83,1021,principal,Parmegiana De Beringela,4.0,37.9,151.6,0.14,1.74
2025-10-01,84,500,tortas,Meia Torta,15.0,10.0,150.0,0.14,6.54
2025-10-01,85,1007,principal,Carne Assada,3.0,49.9,149.7,0.14,1.31
2025-10-01,91,205,bebidas,Água Tônica,15.0,8.0,120.0,0.11,6.54
2025-10-01,93,1009,principal,Costela Bovina,2.0,49.9,99.8,0.09,0.87
2025-10-01,96,1116,econômico,Filé De Tilápia - Econômico,2.0,46.9,93.8,0.09,0.87
2025-10-01,97,1108,econômico,Carne De Sol - Econômico,2.0,45.9,91.8,0.08,0.87
2025-10-01,98,824,salgados,Coxinha de Carne Seca com Catupiry,9.0,10.0,90.0,0.08,3.92
2025-10-01,99,1105,econômico,Bife Empanado - Econômico,2.0,43.9,87.8,0.08,0.87
2025-10-01,99,1006,principal,Bisteca Suína,2.0,43.9,87.8,0.08,0.87
2025-10-01,103,304,cafés,Carioca Duplo,5.0,14.0,70.0,0.06,2.18
2025-10-01,103,207,bebidas,Cerveja Long Neck,7.0,10.0,70.0,0.06,3.05
2025-10-01,107,204,bebidas,Schweppes Citrus,8.0,8.0,64.0,0.06,3.49
2025-10-01,112,303,cafés,Carioca,7.0,8.0,56.0,0.05,3.05
2025-10-01,115,1005,principal,Bife Empanado,1.0,49.9,49.9,0.05,0.44
2025-10-01,117,2011,principal,Strogonoff de Frango,1.0,45.9,45.9,0.04,0.44
2025-10-01,118,2004,adicional,Adicional Carne Econômico,3.0,15.0,45.0,0.04,1.31
2025-10-01,121,2012,econômico,Strogonoff de Frango Economico,1.0,38.9,38.9,0.04,0.44
2025-10-01,124,2,embalagem,Embalagem Torta Un,34.0,1.0,34.0,0.03,14.81
2025-10-01,150,813,salgados,Tapioca,2.0,10.0,20.0,0.02,0.87
2025-10-01,150,808,salgados,Misto Quente,2.0,10.0,20.0,0.02,0.87
2025-10-01,156,823,salgados,Coxinha de Carne Seca,2.0,9.0,18.0,0.02,0.87
2025-10-01,165,802,salgados,Esfirra,2.0,8.0,16.0,0.01,0.87
2025-10-01,228,206,bebidas,H2O,1.0,8.5,8.5,0.01,0.44
